accepted_pixels,agreement_mean,conflict_pixels,original_frame_id,phase,propagation_conflict_pixels,propagation_geometry_conflict_pixels,seed_count,static_drawer_overlap_pixels,static_positive_pixels,union_pixels
3139,0.6552213106451938,127,177,interaction,127,0,6,0,,3266
3215,0.6549533452451856,118,178,interaction,118,0,6,0,,3333
3270,0.6583656427080227,79,179,interaction,79,0,6,0,,3349
3201,0.6574349811395671,82,180,interaction,82,0,6,0,,3283
3159,0.6543776527489882,132,181,interaction,132,0,6,1,,3291
3157,0.6568598315998018,93,182,interaction,93,0,6,0,,3250
3264,0.6498201779292069,174,183,interaction,174,0,6,0,,3438
3247,0.6491009681881051,120,184,interaction,120,0,6,0,,3367
3357,0.6536514822848879,36,185,interaction,36,0,6,0,,3393
3027,0.6233002572583609,150,186,interaction,150,0,6,0,,3177
3054,0.6214345056770978,189,187,interaction,189,0,6,0,,3243
2945,0.6384091345231241,197,188,interaction,197,0,6,0,,3142
2996,0.650751285092922,60,189,interaction,60,0,6,0,,3056
2952,0.6473732437385461,64,190,interaction,64,0,6,0,,3016
2825,0.653870761356366,25,191,interaction,25,0,6,0,,2850
2811,0.6501085776330077,56,192,interaction,56,0,6,0,,2867
2752,0.6359987154784843,66,193,interaction,66,0,6,0,,2818
2734,0.6245330012453301,151,194,interaction,151,0,6,0,,2885
2755,0.6025790754257908,321,195,interaction,321,0,6,0,,3076
2717,0.585795243403939,516,196,interaction,516,0,6,0,,3233
2601,0.5714937494296924,682,197,interaction,682,0,6,0,,3283
2592,0.5646249445184198,795,198,interaction,795,0,6,0,,3387
2566,0.572660857318898,819,199,interaction,819,0,6,0,,3385
2491,0.5692075337597725,886,200,interaction,886,0,6,0,,3377
2553,0.5738745839901909,859,201,interaction,859,0,6,0,,3412
2557,0.5736323567539539,882,202,interaction,882,0,6,0,,3439
2565,0.571569130732375,922,203,interaction,922,0,6,0,,3487
2587,0.5745512325002147,891,204,interaction,891,0,6,0,,3478
2561,0.5728491137051448,920,205,interaction,920,0,6,0,,3481
2535,0.5723295059151009,931,206,interaction,931,0,6,0,,3466
2556,0.5739107883817427,924,207,interaction,924,0,6,0,,3480
2594,0.5737838300787941,941,208,interaction,941,0,6,0,,3535
2621,0.5732586748112326,908,209,interaction,908,0,6,0,,3529
2624,0.5733216286263689,944,210,interaction,944,0,6,0,,3568
2638,0.5732367391123323,923,211,interaction,923,0,6,0,,3561
2614,0.5747225647348951,890,212,interaction,890,0,6,0,,3504
2478,0.5734979000599982,858,213,interaction,858,0,6,0,,3336
1518,0.0,0,5,closed,,,0,,9998,
1526,0.0,0,6,closed,,,0,,9981,
1525,0.0,0,7,closed,,,0,,9980,
1533,0.0,0,8,closed,,,0,,9538,
1504,0.0,0,9,closed,,,0,,8443,
1545,0.0,0,10,closed,,,0,,8062,
1644,0.0,0,11,closed,,,0,,9075,
1772,0.0,0,12,closed,,,0,,9908,
1844,0.0,0,13,closed,,,0,,10252,
1803,0.0,0,14,closed,,,0,,10470,
1653,0.0,0,15,closed,,,0,,10527,
1571,0.0,0,16,closed,,,0,,10449,
1543,0.0,0,17,closed,,,0,,10211,
1508,0.0,0,18,closed,,,0,,9668,
1546,0.0,0,19,closed,,,0,,10187,
1506,0.0,0,20,closed,,,0,,9762,
1508,0.0,0,21,closed,,,0,,9807,
1469,0.0,0,22,closed,,,0,,9835,
1483,0.0,0,23,closed,,,0,,9631,
1495,0.0,0,24,closed,,,0,,9359,
1469,0.0,0,25,closed,,,0,,9632,
1469,0.0,0,26,closed,,,0,,9874,
1450,0.0,0,27,closed,,,0,,10068,
1433,0.0,0,28,closed,,,0,,10290,
1426,0.0,0,29,closed,,,0,,10235,
1412,0.0,0,30,closed,,,0,,9823,
1518,0.0,0,31,closed,,,0,,9737,
1621,0.0,0,32,closed,,,0,,9790,
1687,0.0,0,33,closed,,,0,,10071,
1650,0.0,0,34,closed,,,0,,10453,
1624,0.0,0,35,closed,,,0,,10664,
1587,0.0,0,36,closed,,,0,,11008,
1516,0.0,0,37,closed,,,0,,11379,
1390,0.0,0,38,closed,,,0,,11311,
1285,0.0,0,39,closed,,,0,,11823,
1206,0.0,0,40,closed,,,0,,12808,
1014,0.0,0,41,closed,,,0,,13149,
828,0.0,0,42,closed,,,0,,13445,
604,0.0,0,43,closed,,,0,,14041,
370,0.0,0,44,closed,,,0,,13897,
122,0.0,0,45,closed,,,0,,14441,
60,0.0,0,46,closed,,,0,,14743,
27,0.0,0,47,closed,,,0,,14988,
22,0.0,0,48,closed,,,0,,15315,
24,0.0,0,49,closed,,,0,,15252,
29,0.0,0,50,closed,,,0,,15614,
31,0.0,0,51,closed,,,0,,15804,
33,0.0,0,52,closed,,,0,,16228,
29,0.0,0,53,closed,,,0,,16208,
20,0.0,0,54,closed,,,0,,15095,
40,0.0,0,55,closed,,,0,,16468,
38,0.0,0,56,closed,,,0,,16713,
6,0.0,0,57,closed,,,0,,15757,
21,0.0,0,58,closed,,,0,,16496,
9,0.0,0,59,closed,,,0,,16889,
12,0.0,0,60,closed,,,0,,16856,
25,0.0,0,61,closed,,,0,,17229,
28,0.0,0,62,closed,,,0,,16563,
0,0.0,0,63,closed,,,0,,16913,
12,0.0,0,64,closed,,,0,,16631,
7,0.0,0,65,closed,,,0,,17481,
16,0.0,0,66,closed,,,0,,17094,
12,0.0,0,67,closed,,,0,,16019,
9,0.0,0,68,closed,,,0,,16587,
5,0.0,0,69,closed,,,0,,16019,
2,0.0,0,70,closed,,,0,,15990,
0,0.0,0,71,closed,,,0,,14796,
1,0.0,0,72,closed,,,0,,15739,
0,0.0,0,73,closed,,,0,,16142,
0,0.0,0,74,closed,,,0,,15582,
0,0.0,0,75,closed,,,0,,16147,
0,0.0,0,76,closed,,,0,,14854,
0,0.0,0,77,closed,,,0,,15355,
0,0.0,0,78,closed,,,0,,14970,
0,0.0,0,79,closed,,,0,,13777,
0,0.0,0,80,closed,,,0,,14739,
0,0.0,0,81,closed,,,0,,14569,
0,0.0,0,82,closed,,,0,,13993,
0,0.0,0,83,closed,,,0,,12734,
0,0.0,0,84,closed,,,0,,12857,
0,0.0,0,85,closed,,,0,,11975,
0,0.0,0,86,closed,,,0,,11489,
0,0.0,0,87,closed,,,0,,10788,
0,0.0,0,88,closed,,,0,,11049,
0,0.0,0,89,closed,,,0,,10804,
0,0.0,0,90,closed,,,0,,10987,
0,0.0,0,91,closed,,,0,,10299,
0,0.0,0,92,closed,,,0,,10588,
0,0.0,0,93,closed,,,0,,10355,
0,0.0,0,94,closed,,,0,,10309,
0,0.0,0,95,closed,,,0,,10623,
0,0.0,0,96,closed,,,0,,10315,
0,0.0,0,97,closed,,,0,,10073,
0,0.0,0,98,closed,,,0,,10214,
0,0.0,0,99,closed,,,0,,10380,
0,0.0,0,100,closed,,,0,,9985,
0,0.0,0,101,closed,,,0,,10116,
0,0.0,0,102,closed,,,0,,10258,
0,0.0,0,103,closed,,,0,,10416,
0,0.0,0,104,closed,,,0,,10928,
0,0.0,0,105,closed,,,0,,10769,
0,0.0,0,106,closed,,,0,,11316,
0,0.0,0,107,closed,,,0,,11173,
0,0.0,0,108,closed,,,0,,11811,
0,0.0,0,109,closed,,,0,,11833,
0,0.0,0,110,closed,,,0,,12691,
0,0.0,0,111,closed,,,0,,12672,
0,0.0,0,112,closed,,,0,,12617,
0,0.0,0,113,closed,,,0,,13156,
0,0.0,0,114,closed,,,0,,13532,
0,0.0,0,115,closed,,,0,,13918,
0,0.0,0,116,closed,,,0,,14669,
0,0.0,0,117,closed,,,0,,14611,
0,0.0,0,118,closed,,,0,,14831,
0,0.0,0,119,closed,,,0,,14940,
0,0.0,0,120,closed,,,0,,15458,
0,0.0,0,121,closed,,,0,,15765,
1,0.0,0,122,closed,,,0,,16082,
0,0.0,0,123,closed,,,0,,16285,
0,0.0,0,124,closed,,,0,,15386,
4,0.0,0,125,closed,,,0,,15913,
9,0.0,0,126,closed,,,0,,16829,
14,0.0,0,127,closed,,,0,,17744,
14,0.0,0,128,closed,,,0,,17898,
20,0.0,0,129,closed,,,0,,17261,
35,0.0,0,130,closed,,,0,,17342,
41,0.0,0,131,closed,,,0,,18204,
36,0.0,0,132,closed,,,0,,18397,
42,0.0,0,133,closed,,,0,,18452,
50,0.0,0,134,closed,,,0,,17653,
57,0.0,0,135,closed,,,0,,18128,
58,0.0,0,136,closed,,,0,,17233,
71,0.0,0,137,closed,,,0,,17108,
71,0.0,0,138,closed,,,0,,18189,
73,0.0,0,139,closed,,,0,,17885,
72,0.0,0,140,closed,,,0,,17729,
82,0.0,0,141,closed,,,0,,17722,
67,0.0,0,142,closed,,,0,,17520,
81,0.0,0,143,closed,,,0,,17757,
66,0.0,0,144,closed,,,0,,15440,
60,0.0,0,145,closed,,,0,,15987,
67,0.0,0,146,closed,,,0,,15995,
41,0.0,0,147,closed,,,0,,14196,
44,0.0,0,148,closed,,,0,,15333,
42,0.0,0,149,closed,,,0,,13242,
46,0.0,0,150,closed,,,0,,12527,
51,0.0,0,151,closed,,,0,,14549,
53,0.0,0,152,closed,,,0,,13317,
45,0.0,0,153,closed,,,0,,12813,
122,0.0,0,154,closed,,,0,,14332,
379,0.0,0,155,closed,,,0,,13828,
623,0.0,0,156,closed,,,0,,13069,
782,0.0,0,157,closed,,,0,,12351,
1043,0.0,0,158,closed,,,0,,11307,
1390,0.0,0,159,closed,,,0,,11355,
1662,0.0,0,160,closed,,,0,,11247,
1805,0.0,0,161,closed,,,0,,10585,
1807,0.0,0,162,closed,,,0,,10870,
1749,0.0,0,163,closed,,,0,,10339,
1739,0.0,0,164,closed,,,0,,9484,
1782,0.0,0,165,closed,,,0,,9385,
1490,0.5311250713877783,897,220,open,,,6,,7645,2387
1484,0.5715226802183324,795,221,open,,,6,,7258,2279
1065,0.5399225990426724,965,222,open,,,6,,8240,2030
1163,0.5841297422531132,662,223,open,,,6,,8604,1825
1929,0.5467280467280468,831,224,open,,,6,,7774,2760
2108,0.5837271116361489,686,225,open,,,6,,8227,2794
2180,0.5850679175217434,683,226,open,,,6,,8585,2863
2031,0.5827205882352942,671,227,open,,,6,,9254,2702
1994,0.5814013395157135,628,228,open,,,6,,9637,2622
1935,0.5808461619017699,501,229,open,,,6,,10053,2436
1825,0.5810648299989067,507,230,open,,,6,,10397,2332
1708,0.5810281235592439,450,231,open,,,6,,10252,2158
1730,0.5857241617697891,449,232,open,,,6,,10418,2179
1782,0.5776804067943309,321,233,open,,,6,,9739,2103
1690,0.5809228650137741,521,234,open,,,6,,9262,2211
1699,0.5825698450401539,525,235,open,,,6,,8612,2224
1752,0.5841589608102158,512,236,open,,,6,,8673,2264
1748,0.5854587611791984,595,237,open,,,6,,7911,2343
1798,0.5861898483849703,571,238,open,,,6,,7770,2369
1765,0.5860108203599426,569,239,open,,,6,,8469,2334
1702,0.5886892421101129,514,240,open,,,6,,8648,2216
1769,0.5835783513013177,385,241,open,,,6,,9247,2154
1759,0.584961041733376,342,242,open,,,6,,9514,2101
1732,0.5897308075772681,485,243,open,,,6,,9080,2217
1737,0.5819822741028967,481,244,open,,,6,,9206,2218
1656,0.5867926650916864,570,245,open,,,6,,9313,2226
1533,0.5879417635317601,557,246,open,,,6,,8652,2090
1410,0.5849152113389017,490,247,open,,,6,,8398,1900
1335,0.5898148148148149,460,248,open,,,6,,8852,1795
1179,0.5885485047410649,422,249,open,,,6,,9028,1601
1073,0.5828754578754579,395,250,open,,,6,,9288,1468
967,0.5850890086558875,385,251,open,,,6,,9642,1352
795,0.5850828729281768,336,252,open,,,6,,10088,1131
643,0.5783574271946366,276,253,open,,,6,,10202,919
558,0.5798281320669381,251,254,open,,,6,,10733,809
508,0.5797413793103449,254,255,open,,,6,,11067,762
430,0.5781592403214025,255,256,open,,,6,,11385,685
299,0.5660818713450292,204,257,open,,,6,,10862,503
273,0.5450364732001268,152,258,open,,,6,,11379,425
161,0.5528648306426084,73,259,open,,,6,,11390,234
74,0.5574216250799743,74,260,open,,,6,,10950,148
50,0.5693170234454639,53,261,open,,,6,,10869,103
76,0.5836781609195402,8,262,open,,,6,,11499,84
23,0.5888223552894212,2,263,open,,,6,,12206,25
11,0.6624677002583977,0,264,open,,,6,,12554,11
13,0.656084656084656,0,265,open,,,6,,12905,13
25,0.6261904761904762,0,266,open,,,6,,13061,25
15,0.6330845771144278,2,267,open,,,6,,13787,17
43,0.6283160322952711,2,268,open,,,6,,13661,45
42,0.6429378531073447,0,269,open,,,6,,13123,42
9,0.6514886164623468,0,270,open,,,6,,13884,9
1,0.5214256283477545,19,271,open,,,6,,14762,20
0,0.6465787821720025,0,272,open,,,6,,13835,0
0,0.60958535271944,0,273,open,,,6,,13864,0
0,0.625,0,274,open,,,6,,13160,0
0,0.60857432775241,0,275,open,,,6,,13269,0
0,0.6435340022296545,0,276,open,,,6,,13978,0
0,0.5427781070934599,141,277,open,,,6,,14364,141
0,0.6621527777777777,0,278,open,,,6,,12793,0
0,0.658811475409836,0,279,open,,,6,,12560,0
0,0.6544117647058824,0,280,open,,,6,,12099,0
0,0.6587926509186351,0,281,open,,,6,,12674,0
0,0.6598968407479046,0,282,open,,,6,,12278,0
0,0.5229454306377384,625,283,open,,,6,,13084,625
0,0.517562272600056,494,284,open,,,6,,12525,494
282,0.6117724867724869,185,285,open,,,6,,12473,467
0,0.5266721378744358,271,286,open,,,6,,12708,271
0,0.5274774774774775,289,287,open,,,6,,11951,289
0,0.5326435675328841,184,288,open,,,6,,11883,184
0,0.5317904374364191,174,289,open,,,6,,11999,174
58,0.6391096979332272,85,290,open,,,6,,11694,143
117,0.6588583737210555,3,291,open,,,6,,11590,120
37,0.6426972579742586,35,292,open,,,6,,11462,72
152,0.6468053804119379,41,293,open,,,6,,11450,193
1,0.6482988165680473,0,294,open,,,6,,11995,1
0,0.6527881040892193,1,295,open,,,6,,10606,1
0,0.6623575201556854,0,296,open,,,6,,10880,0
0,0.6590466926070038,0,297,open,,,6,,10989,0
0,0.6630347054075867,0,298,open,,,6,,10927,0
0,0.6596596596596597,0,299,open,,,6,,10788,0
0,0.6625,0,300,open,,,6,,10626,0
0,0.6625484496124031,0,301,open,,,6,,10061,0
0,0.6603128054740959,0,302,open,,,6,,10401,0
26,0.6647748770336738,0,303,open,,,6,,10331,26
129,0.66132224861441,0,304,open,,,6,,10003,129
408,0.6607064017660045,0,305,open,,,6,,9511,408
438,0.6631072026800671,0,306,open,,,6,,9607,438
459,0.6646513502619911,0,307,open,,,6,,9411,459
478,0.6642885453824812,0,308,open,,,6,,9831,478
440,0.6621973929236499,0,309,open,,,6,,10339,440
337,0.6641104294478528,0,310,open,,,6,,10650,337
242,0.6262437810945273,2,311,open,,,6,,10736,244
188,0.6615776081424936,0,312,open,,,6,,11400,188
184,0.6581589958158995,0,313,open,,,6,,11684,184
224,0.627831715210356,7,314,open,,,6,,11722,231
255,0.6397530864197531,16,315,open,,,6,,12052,271
239,0.6596312469674915,0,316,open,,,6,,12835,239
151,0.6032417195207893,66,317,open,,,6,,12512,217
294,0.6609036422314432,1,318,open,,,6,,13057,295
254,0.6616813958758215,0,319,open,,,6,,14426,254
321,0.662870699881376,0,320,open,,,6,,13761,321
355,0.6601965013179967,0,321,open,,,6,,13234,355
373,0.6627189735998027,0,322,open,,,6,,14032,373
387,0.6643241977043806,0,323,open,,,6,,14302,387
436,0.6620370370370371,0,324,open,,,6,,14245,436
467,0.659877800407332,0,325,open,,,6,,14921,467
472,0.6622409326424871,0,326,open,,,6,,14286,472
572,0.6632183908045978,0,327,open,,,6,,14884,572
717,0.6620879120879121,2,328,open,,,6,,15595,719
693,0.6650298478721355,1,329,open,,,6,,15018,694
811,0.6636687277496721,3,330,open,,,6,,15334,814
952,0.66359918200409,2,331,open,,,6,,15963,954
1041,0.6620518281860135,6,332,open,,,6,,16071,1047
1101,0.662532299741602,1,333,open,,,6,,15633,1102
1137,0.6628865979381443,4,334,open,,,6,,15063,1141
1201,0.6619660234207486,9,335,open,,,6,,15028,1210
1288,0.6620370370370369,7,336,open,,,6,,16050,1295
1243,0.663189010606851,10,337,open,,,6,,15120,1253
1248,0.6620229652144545,7,338,open,,,6,,15334,1255
1375,0.6622440622440622,8,339,open,,,6,,14127,1383
1392,0.660579849431363,7,340,open,,,6,,14928,1399
1316,0.6638516310647457,5,341,open,,,6,,13633,1321
1327,0.6622008763060329,13,342,open,,,6,,13052,1340
1354,0.6626813326956799,12,343,open,,,6,,13502,1366
1319,0.6626965221534064,9,344,open,,,6,,13584,1328
1336,0.6630757220921155,2,345,open,,,6,,13265,1338
1297,0.6618437697659708,12,346,open,,,6,,13105,1309
1161,0.6597287921791233,19,347,open,,,6,,13947,1180
1097,0.657920549288867,15,348,open,,,6,,12802,1112
1175,0.658275596612779,20,349,open,,,6,,12831,1195
1183,0.6560172773309502,23,350,open,,,6,,13094,1206
1144,0.6583595270169137,31,351,open,,,6,,12737,1175
1189,0.6593625498007968,17,352,open,,,6,,12526,1206
1152,0.6587195484254307,13,353,open,,,6,,11996,1165
1170,0.6573548668703623,35,354,open,,,6,,11366,1205
1239,0.6570392074787219,37,355,open,,,6,,11798,1276
1168,0.6564761482794269,40,356,open,,,6,,11373,1208
1113,0.6324550219577844,59,357,open,,,6,,10721,1172
265,0.41022827041264265,866,358,open,,,6,,9592,1131
264,0.413519313304721,896,359,open,,,6,,8855,1160
261,0.314359637774903,940,360,open,,,6,,9460,1201
