original_frame_id,q_m,proposal_id,source_layer,formal_v4_label,v5_decision,decision_reason,static_verified_active,drawer_verified_active,static_verified_fraction,drawer_verified_fraction,accepted_causal_disocclusion_events,static_contradiction_veto,drawer_contradiction_veto,region_directory
187,0.05919969964910532,frame_187_layer_0,0,unknown,UNKNOWN,insufficient_positive_physical_evidence,5,9,0.29411764705882354,0.5294117647058824,0,False,True,/workspace_whz_worktrees/funrec-assignment-v3_outputs/geometry_interior_v5/unknown_116_physical_events_001/regions/000_frame_187_layer_0
188,0.07293716335462896,frame_188_layer_0,0,unknown,MOVING,positive_moving_physical_evidence_no_static_conflict,5,10,0.2777777777777778,0.5555555555555556,0,False,False,/workspace_whz_worktrees/funrec-assignment-v3_outputs/geometry_interior_v5/unknown_116_physical_events_001/regions/001_frame_188_layer_0
189,0.08973465676920167,frame_189_layer_0,0,unknown,MOVING,positive_moving_physical_evidence_no_static_conflict,5,11,0.2631578947368421,0.5789473684210527,0,False,False,/workspace_whz_worktrees/funrec-assignment-v3_outputs/geometry_interior_v5/unknown_116_physical_events_001/regions/002_frame_189_layer_0
189,0.08973465676920167,frame_189_layer_6,6,unknown,MOVING,positive_moving_physical_evidence_no_static_conflict,1,15,0.05263157894736842,0.7894736842105263,0,False,False,/workspace_whz_worktrees/funrec-assignment-v3_outputs/geometry_interior_v5/unknown_116_physical_events_001/regions/003_frame_189_layer_6
190,0.10665393781713517,frame_190_layer_0,0,unknown,UNKNOWN,insufficient_positive_physical_evidence,9,8,0.45,0.4,0,False,False,/workspace_whz_worktrees/funrec-assignment-v3_outputs/geometry_interior_v5/unknown_116_physical_events_001/regions/004_frame_190_layer_0
190,0.10665393781713517,frame_190_layer_6,6,unknown,MOVING,positive_moving_physical_evidence_no_static_conflict,2,16,0.1,0.8,0,False,False,/workspace_whz_worktrees/funrec-assignment-v3_outputs/geometry_interior_v5/unknown_116_physical_events_001/regions/005_frame_190_layer_6
191,0.12346363394546822,frame_191_layer_0,0,unknown,UNKNOWN,insufficient_positive_physical_evidence,5,7,0.25,0.35,0,False,False,/workspace_whz_worktrees/funrec-assignment-v3_outputs/geometry_interior_v5/unknown_116_physical_events_001/regions/006_frame_191_layer_0
191,0.12346363394546822,frame_191_layer_6,6,unknown,MOVING,positive_moving_physical_evidence_no_static_conflict,2,16,0.1,0.8,0,False,False,/workspace_whz_worktrees/funrec-assignment-v3_outputs/geometry_interior_v5/unknown_116_physical_events_001/regions/007_frame_191_layer_6
192,0.14041430579681058,frame_192_layer_0,0,unknown,UNKNOWN,insufficient_positive_physical_evidence,12,8,0.6,0.4,0,False,False,/workspace_whz_worktrees/funrec-assignment-v3_outputs/geometry_interior_v5/unknown_116_physical_events_001/regions/008_frame_192_layer_0
192,0.14041430579681058,frame_192_layer_6,6,unknown,MOVING,positive_moving_physical_evidence_no_static_conflict,2,18,0.1,0.9,0,False,False,/workspace_whz_worktrees/funrec-assignment-v3_outputs/geometry_interior_v5/unknown_116_physical_events_001/regions/009_frame_192_layer_6
193,0.1583840011236365,frame_193_layer_0,0,unknown,UNKNOWN,insufficient_positive_physical_evidence,12,7,0.6,0.35,0,False,False,/workspace_whz_worktrees/funrec-assignment-v3_outputs/geometry_interior_v5/unknown_116_physical_events_001/regions/010_frame_193_layer_0
193,0.1583840011236365,frame_193_layer_6,6,unknown,MOVING,positive_moving_physical_evidence_no_static_conflict,3,17,0.15,0.85,0,False,False,/workspace_whz_worktrees/funrec-assignment-v3_outputs/geometry_interior_v5/unknown_116_physical_events_001/regions/011_frame_193_layer_6
193,0.1583840011236365,frame_193_layer_11,11,unknown,MOVING,positive_moving_physical_evidence_no_static_conflict,1,11,0.05,0.55,0,False,False,/workspace_whz_worktrees/funrec-assignment-v3_outputs/geometry_interior_v5/unknown_116_physical_events_001/regions/012_frame_193_layer_11
194,0.17589940581780827,frame_194_layer_0,0,unknown,UNKNOWN,insufficient_positive_physical_evidence,10,4,0.5,0.2,0,False,False,/workspace_whz_worktrees/funrec-assignment-v3_outputs/geometry_interior_v5/unknown_116_physical_events_001/regions/013_frame_194_layer_0
194,0.17589940581780827,frame_194_layer_6,6,unknown,MOVING,positive_moving_physical_evidence_no_static_conflict,3,16,0.15,0.8,0,False,False,/workspace_whz_worktrees/funrec-assignment-v3_outputs/geometry_interior_v5/unknown_116_physical_events_001/regions/014_frame_194_layer_6
194,0.17589940581780827,frame_194_layer_11,11,unknown,MOVING,positive_moving_physical_evidence_no_static_conflict,1,10,0.05,0.5,0,False,False,/workspace_whz_worktrees/funrec-assignment-v3_outputs/geometry_interior_v5/unknown_116_physical_events_001/regions/015_frame_194_layer_11
195,0.19341339188972073,frame_195_layer_0,0,unknown,UNKNOWN,insufficient_positive_physical_evidence,11,5,0.55,0.25,0,False,False,/workspace_whz_worktrees/funrec-assignment-v3_outputs/geometry_interior_v5/unknown_116_physical_events_001/regions/016_frame_195_layer_0
195,0.19341339188972073,frame_195_layer_6,6,unknown,MOVING,positive_moving_physical_evidence_no_static_conflict,7,16,0.35,0.8,0,False,False,/workspace_whz_worktrees/funrec-assignment-v3_outputs/geometry_interior_v5/unknown_116_physical_events_001/regions/017_frame_195_layer_6
195,0.19341339188972073,frame_195_layer_11,11,unknown,UNKNOWN,insufficient_positive_physical_evidence,7,11,0.35,0.55,0,False,False,/workspace_whz_worktrees/funrec-assignment-v3_outputs/geometry_interior_v5/unknown_116_physical_events_001/regions/018_frame_195_layer_11
195,0.19341339188972073,frame_195_layer_28,28,unknown,UNKNOWN,insufficient_positive_physical_evidence,20,4,1.0,0.2,0,False,True,/workspace_whz_worktrees/funrec-assignment-v3_outputs/geometry_interior_v5/unknown_116_physical_events_001/regions/019_frame_195_layer_28
196,0.2117328619537343,frame_196_layer_0,0,unknown,UNKNOWN,insufficient_positive_physical_evidence,13,5,0.65,0.25,0,False,False,/workspace_whz_worktrees/funrec-assignment-v3_outputs/geometry_interior_v5/unknown_116_physical_events_001/regions/020_frame_196_layer_0
196,0.2117328619537343,frame_196_layer_6,6,unknown,MOVING,positive_moving_physical_evidence_no_static_conflict,11,17,0.55,0.85,0,False,False,/workspace_whz_worktrees/funrec-assignment-v3_outputs/geometry_interior_v5/unknown_116_physical_events_001/regions/021_frame_196_layer_6
196,0.2117328619537343,frame_196_layer_11,11,unknown,MOVING,positive_moving_physical_evidence_no_static_conflict,4,11,0.2,0.55,0,False,False,/workspace_whz_worktrees/funrec-assignment-v3_outputs/geometry_interior_v5/unknown_116_physical_events_001/regions/022_frame_196_layer_11
196,0.2117328619537343,frame_196_layer_28,28,unknown,UNKNOWN,insufficient_positive_physical_evidence,20,7,1.0,0.35,0,False,False,/workspace_whz_worktrees/funrec-assignment-v3_outputs/geometry_interior_v5/unknown_116_physical_events_001/regions/023_frame_196_layer_28
197,0.23088570413786158,frame_197_layer_0,0,unknown,UNKNOWN,insufficient_positive_physical_evidence,11,4,0.6111111111111112,0.2222222222222222,0,False,False,/workspace_whz_worktrees/funrec-assignment-v3_outputs/geometry_interior_v5/unknown_116_physical_events_001/regions/024_frame_197_layer_0
197,0.23088570413786158,frame_197_layer_6,6,unknown,MOVING,positive_moving_physical_evidence_no_static_conflict,9,14,0.5,0.7777777777777778,0,False,False,/workspace_whz_worktrees/funrec-assignment-v3_outputs/geometry_interior_v5/unknown_116_physical_events_001/regions/025_frame_197_layer_6
197,0.23088570413786158,frame_197_layer_10,10,unknown,UNKNOWN,insufficient_positive_physical_evidence,8,8,0.4444444444444444,0.4444444444444444,0,False,False,/workspace_whz_worktrees/funrec-assignment-v3_outputs/geometry_interior_v5/unknown_116_physical_events_001/regions/026_frame_197_layer_10
197,0.23088570413786158,frame_197_layer_11,11,unknown,UNKNOWN,insufficient_positive_physical_evidence,7,10,0.3888888888888889,0.5555555555555556,0,False,False,/workspace_whz_worktrees/funrec-assignment-v3_outputs/geometry_interior_v5/unknown_116_physical_events_001/regions/027_frame_197_layer_11
197,0.23088570413786158,frame_197_layer_28,28,unknown,UNKNOWN,insufficient_positive_physical_evidence,18,10,1.0,0.5555555555555556,0,False,False,/workspace_whz_worktrees/funrec-assignment-v3_outputs/geometry_interior_v5/unknown_116_physical_events_001/regions/028_frame_197_layer_28
198,0.2468650200273087,frame_198_layer_0,0,unknown,UNKNOWN,insufficient_positive_physical_evidence,9,5,0.6,0.3333333333333333,0,False,False,/workspace_whz_worktrees/funrec-assignment-v3_outputs/geometry_interior_v5/unknown_116_physical_events_001/regions/029_frame_198_layer_0
198,0.2468650200273087,frame_198_layer_6,6,unknown,MOVING,positive_moving_physical_evidence_no_static_conflict,7,11,0.4666666666666667,0.7333333333333333,0,False,False,/workspace_whz_worktrees/funrec-assignment-v3_outputs/geometry_interior_v5/unknown_116_physical_events_001/regions/030_frame_198_layer_6
198,0.2468650200273087,frame_198_layer_10,10,unknown,UNKNOWN,insufficient_positive_physical_evidence,5,5,0.3333333333333333,0.3333333333333333,0,False,False,/workspace_whz_worktrees/funrec-assignment-v3_outputs/geometry_interior_v5/unknown_116_physical_events_001/regions/031_frame_198_layer_10
198,0.2468650200273087,frame_198_layer_11,11,unknown,UNKNOWN,insufficient_positive_physical_evidence,5,8,0.3333333333333333,0.5333333333333333,0,False,False,/workspace_whz_worktrees/funrec-assignment-v3_outputs/geometry_interior_v5/unknown_116_physical_events_001/regions/032_frame_198_layer_11
198,0.2468650200273087,frame_198_layer_28,28,unknown,UNKNOWN,insufficient_positive_physical_evidence,15,7,1.0,0.4666666666666667,0,False,False,/workspace_whz_worktrees/funrec-assignment-v3_outputs/geometry_interior_v5/unknown_116_physical_events_001/regions/033_frame_198_layer_28
199,0.26164481925107075,frame_199_layer_0,0,unknown,UNKNOWN,insufficient_positive_physical_evidence,6,0,0.6,0.0,0,False,False,/workspace_whz_worktrees/funrec-assignment-v3_outputs/geometry_interior_v5/unknown_116_physical_events_001/regions/034_frame_199_layer_0
199,0.26164481925107075,frame_199_layer_3,3,unknown,UNKNOWN,insufficient_positive_physical_evidence,1,0,0.1,0.0,0,False,False,/workspace_whz_worktrees/funrec-assignment-v3_outputs/geometry_interior_v5/unknown_116_physical_events_001/regions/035_frame_199_layer_3
199,0.26164481925107075,frame_199_layer_6,6,unknown,MOVING,positive_moving_physical_evidence_no_static_conflict,3,6,0.3,0.6,0,False,False,/workspace_whz_worktrees/funrec-assignment-v3_outputs/geometry_interior_v5/unknown_116_physical_events_001/regions/036_frame_199_layer_6
199,0.26164481925107075,frame_199_layer_10,10,unknown,UNKNOWN,insufficient_positive_physical_evidence,0,0,0.0,0.0,0,False,False,/workspace_whz_worktrees/funrec-assignment-v3_outputs/geometry_interior_v5/unknown_116_physical_events_001/regions/037_frame_199_layer_10
199,0.26164481925107075,frame_199_layer_12,12,unknown,UNKNOWN,insufficient_positive_physical_evidence,6,2,0.6,0.2,0,False,False,/workspace_whz_worktrees/funrec-assignment-v3_outputs/geometry_interior_v5/unknown_116_physical_events_001/regions/038_frame_199_layer_12
199,0.26164481925107075,frame_199_layer_24,24,unknown,UNKNOWN,insufficient_positive_physical_evidence,10,0,1.0,0.0,0,False,False,/workspace_whz_worktrees/funrec-assignment-v3_outputs/geometry_interior_v5/unknown_116_physical_events_001/regions/039_frame_199_layer_24
199,0.26164481925107075,frame_199_layer_28,28,unknown,UNKNOWN,insufficient_positive_physical_evidence,10,2,1.0,0.2,0,False,False,/workspace_whz_worktrees/funrec-assignment-v3_outputs/geometry_interior_v5/unknown_116_physical_events_001/regions/040_frame_199_layer_28
200,0.2734369146971839,frame_200_layer_0,0,unknown,UNKNOWN,insufficient_positive_physical_evidence,3,0,0.3333333333333333,0.0,0,False,False,/workspace_whz_worktrees/funrec-assignment-v3_outputs/geometry_interior_v5/unknown_116_physical_events_001/regions/041_frame_200_layer_0
200,0.2734369146971839,frame_200_layer_3,3,unknown,UNKNOWN,insufficient_positive_physical_evidence,1,0,0.1111111111111111,0.0,0,False,False,/workspace_whz_worktrees/funrec-assignment-v3_outputs/geometry_interior_v5/unknown_116_physical_events_001/regions/042_frame_200_layer_3
200,0.2734369146971839,frame_200_layer_6,6,unknown,MOVING,positive_moving_physical_evidence_no_static_conflict,3,6,0.3333333333333333,0.6666666666666666,0,False,False,/workspace_whz_worktrees/funrec-assignment-v3_outputs/geometry_interior_v5/unknown_116_physical_events_001/regions/043_frame_200_layer_6
200,0.2734369146971839,frame_200_layer_10,10,unknown,UNKNOWN,insufficient_positive_physical_evidence,0,0,0.0,0.0,0,False,False,/workspace_whz_worktrees/funrec-assignment-v3_outputs/geometry_interior_v5/unknown_116_physical_events_001/regions/044_frame_200_layer_10
200,0.2734369146971839,frame_200_layer_24,24,unknown,UNKNOWN,insufficient_positive_physical_evidence,9,0,1.0,0.0,0,False,False,/workspace_whz_worktrees/funrec-assignment-v3_outputs/geometry_interior_v5/unknown_116_physical_events_001/regions/045_frame_200_layer_24
200,0.2734369146971839,frame_200_layer_28,28,unknown,UNKNOWN,insufficient_positive_physical_evidence,9,1,1.0,0.1111111111111111,0,False,False,/workspace_whz_worktrees/funrec-assignment-v3_outputs/geometry_interior_v5/unknown_116_physical_events_001/regions/046_frame_200_layer_28
201,0.2758790548320902,frame_201_layer_0,0,unknown,UNKNOWN,insufficient_positive_physical_evidence,0,0,0.0,0.0,0,False,False,/workspace_whz_worktrees/funrec-assignment-v3_outputs/geometry_interior_v5/unknown_116_physical_events_001/regions/047_frame_201_layer_0
201,0.2758790548320902,frame_201_layer_3,3,unknown,UNKNOWN,insufficient_positive_physical_evidence,4,0,0.5,0.0,0,False,False,/workspace_whz_worktrees/funrec-assignment-v3_outputs/geometry_interior_v5/unknown_116_physical_events_001/regions/048_frame_201_layer_3
201,0.2758790548320902,frame_201_layer_6,6,unknown,MOVING,positive_moving_physical_evidence_no_static_conflict,3,6,0.375,0.75,0,False,False,/workspace_whz_worktrees/funrec-assignment-v3_outputs/geometry_interior_v5/unknown_116_physical_events_001/regions/049_frame_201_layer_6
201,0.2758790548320902,frame_201_layer_10,10,unknown,UNKNOWN,insufficient_positive_physical_evidence,0,0,0.0,0.0,0,False,False,/workspace_whz_worktrees/funrec-assignment-v3_outputs/geometry_interior_v5/unknown_116_physical_events_001/regions/050_frame_201_layer_10
201,0.2758790548320902,frame_201_layer_12,12,unknown,UNKNOWN,insufficient_positive_physical_evidence,6,2,0.75,0.25,0,False,False,/workspace_whz_worktrees/funrec-assignment-v3_outputs/geometry_interior_v5/unknown_116_physical_events_001/regions/051_frame_201_layer_12
201,0.2758790548320902,frame_201_layer_24,24,unknown,UNKNOWN,insufficient_positive_physical_evidence,8,0,1.0,0.0,0,False,False,/workspace_whz_worktrees/funrec-assignment-v3_outputs/geometry_interior_v5/unknown_116_physical_events_001/regions/052_frame_201_layer_24
201,0.2758790548320902,frame_201_layer_28,28,unknown,UNKNOWN,insufficient_positive_physical_evidence,8,1,1.0,0.125,0,False,False,/workspace_whz_worktrees/funrec-assignment-v3_outputs/geometry_interior_v5/unknown_116_physical_events_001/regions/053_frame_201_layer_28
202,0.27760910093009805,frame_202_layer_0,0,unknown,UNKNOWN,insufficient_positive_physical_evidence,3,1,0.375,0.125,0,False,False,/workspace_whz_worktrees/funrec-assignment-v3_outputs/geometry_interior_v5/unknown_116_physical_events_001/regions/054_frame_202_layer_0
202,0.27760910093009805,frame_202_layer_3,3,unknown,UNKNOWN,insufficient_positive_physical_evidence,5,0,0.625,0.0,0,False,False,/workspace_whz_worktrees/funrec-assignment-v3_outputs/geometry_interior_v5/unknown_116_physical_events_001/regions/055_frame_202_layer_3
202,0.27760910093009805,frame_202_layer_6,6,unknown,MOVING,positive_moving_physical_evidence_no_static_conflict,3,7,0.375,0.875,0,False,False,/workspace_whz_worktrees/funrec-assignment-v3_outputs/geometry_interior_v5/unknown_116_physical_events_001/regions/056_frame_202_layer_6
202,0.27760910093009805,frame_202_layer_10,10,unknown,UNKNOWN,insufficient_positive_physical_evidence,0,1,0.0,0.125,0,False,False,/workspace_whz_worktrees/funrec-assignment-v3_outputs/geometry_interior_v5/unknown_116_physical_events_001/regions/057_frame_202_layer_10
202,0.27760910093009805,frame_202_layer_24,24,unknown,UNKNOWN,insufficient_positive_physical_evidence,8,0,1.0,0.0,0,False,False,/workspace_whz_worktrees/funrec-assignment-v3_outputs/geometry_interior_v5/unknown_116_physical_events_001/regions/058_frame_202_layer_24
202,0.27760910093009805,frame_202_layer_28,28,unknown,UNKNOWN,insufficient_positive_physical_evidence,8,2,1.0,0.25,0,False,False,/workspace_whz_worktrees/funrec-assignment-v3_outputs/geometry_interior_v5/unknown_116_physical_events_001/regions/059_frame_202_layer_28
203,0.2815773461555924,frame_203_layer_0,0,unknown,UNKNOWN,insufficient_positive_physical_evidence,0,0,0.0,0.0,0,False,False,/workspace_whz_worktrees/funrec-assignment-v3_outputs/geometry_interior_v5/unknown_116_physical_events_001/regions/060_frame_203_layer_0
203,0.2815773461555924,frame_203_layer_3,3,unknown,UNKNOWN,insufficient_positive_physical_evidence,4,0,0.5714285714285714,0.0,0,False,False,/workspace_whz_worktrees/funrec-assignment-v3_outputs/geometry_interior_v5/unknown_116_physical_events_001/regions/061_frame_203_layer_3
203,0.2815773461555924,frame_203_layer_6,6,unknown,MOVING,positive_moving_physical_evidence_no_static_conflict,2,5,0.2857142857142857,0.7142857142857143,0,False,False,/workspace_whz_worktrees/funrec-assignment-v3_outputs/geometry_interior_v5/unknown_116_physical_events_001/regions/062_frame_203_layer_6
203,0.2815773461555924,frame_203_layer_10,10,unknown,UNKNOWN,insufficient_positive_physical_evidence,0,1,0.0,0.14285714285714285,0,False,False,/workspace_whz_worktrees/funrec-assignment-v3_outputs/geometry_interior_v5/unknown_116_physical_events_001/regions/063_frame_203_layer_10
203,0.2815773461555924,frame_203_layer_24,24,unknown,UNKNOWN,insufficient_positive_physical_evidence,7,0,1.0,0.0,0,False,False,/workspace_whz_worktrees/funrec-assignment-v3_outputs/geometry_interior_v5/unknown_116_physical_events_001/regions/064_frame_203_layer_24
203,0.2815773461555924,frame_203_layer_28,28,unknown,UNKNOWN,insufficient_positive_physical_evidence,7,2,1.0,0.2857142857142857,0,False,False,/workspace_whz_worktrees/funrec-assignment-v3_outputs/geometry_interior_v5/unknown_116_physical_events_001/regions/065_frame_203_layer_28
204,0.28446401290015544,frame_204_layer_0,0,unknown,UNKNOWN,insufficient_positive_physical_evidence,2,0,0.3333333333333333,0.0,0,False,False,/workspace_whz_worktrees/funrec-assignment-v3_outputs/geometry_interior_v5/unknown_116_physical_events_001/regions/066_frame_204_layer_0
204,0.28446401290015544,frame_204_layer_3,3,unknown,UNKNOWN,insufficient_positive_physical_evidence,1,0,0.16666666666666666,0.0,0,False,False,/workspace_whz_worktrees/funrec-assignment-v3_outputs/geometry_interior_v5/unknown_116_physical_events_001/regions/067_frame_204_layer_3
204,0.28446401290015544,frame_204_layer_6,6,unknown,MOVING,positive_moving_physical_evidence_no_static_conflict,3,6,0.5,1.0,0,False,False,/workspace_whz_worktrees/funrec-assignment-v3_outputs/geometry_interior_v5/unknown_116_physical_events_001/regions/068_frame_204_layer_6
204,0.28446401290015544,frame_204_layer_10,10,unknown,UNKNOWN,insufficient_positive_physical_evidence,0,0,0.0,0.0,0,False,False,/workspace_whz_worktrees/funrec-assignment-v3_outputs/geometry_interior_v5/unknown_116_physical_events_001/regions/069_frame_204_layer_10
204,0.28446401290015544,frame_204_layer_12,12,unknown,UNKNOWN,insufficient_positive_physical_evidence,6,3,1.0,0.5,0,False,False,/workspace_whz_worktrees/funrec-assignment-v3_outputs/geometry_interior_v5/unknown_116_physical_events_001/regions/070_frame_204_layer_12
204,0.28446401290015544,frame_204_layer_28,28,unknown,UNKNOWN,insufficient_positive_physical_evidence,6,1,1.0,0.16666666666666666,0,False,False,/workspace_whz_worktrees/funrec-assignment-v3_outputs/geometry_interior_v5/unknown_116_physical_events_001/regions/071_frame_204_layer_28
205,0.29123566231989506,frame_205_layer_0,0,unknown,UNKNOWN,insufficient_positive_physical_evidence,2,0,0.4,0.0,0,False,False,/workspace_whz_worktrees/funrec-assignment-v3_outputs/geometry_interior_v5/unknown_116_physical_events_001/regions/072_frame_205_layer_0
205,0.29123566231989506,frame_205_layer_3,3,unknown,UNKNOWN,insufficient_positive_physical_evidence,1,0,0.2,0.0,0,False,False,/workspace_whz_worktrees/funrec-assignment-v3_outputs/geometry_interior_v5/unknown_116_physical_events_001/regions/073_frame_205_layer_3
205,0.29123566231989506,frame_205_layer_6,6,unknown,MOVING,positive_moving_physical_evidence_no_static_conflict,2,5,0.4,1.0,0,False,False,/workspace_whz_worktrees/funrec-assignment-v3_outputs/geometry_interior_v5/unknown_116_physical_events_001/regions/074_frame_205_layer_6
205,0.29123566231989506,frame_205_layer_10,10,unknown,UNKNOWN,insufficient_positive_physical_evidence,0,0,0.0,0.0,0,False,False,/workspace_whz_worktrees/funrec-assignment-v3_outputs/geometry_interior_v5/unknown_116_physical_events_001/regions/075_frame_205_layer_10
205,0.29123566231989506,frame_205_layer_28,28,unknown,UNKNOWN,insufficient_positive_physical_evidence,5,1,1.0,0.2,0,False,False,/workspace_whz_worktrees/funrec-assignment-v3_outputs/geometry_interior_v5/unknown_116_physical_events_001/regions/076_frame_205_layer_28
206,0.2996387806033801,frame_206_layer_0,0,unknown,UNKNOWN,insufficient_positive_physical_evidence,2,1,0.4,0.2,0,False,False,/workspace_whz_worktrees/funrec-assignment-v3_outputs/geometry_interior_v5/unknown_116_physical_events_001/regions/077_frame_206_layer_0
206,0.2996387806033801,frame_206_layer_3,3,unknown,UNKNOWN,insufficient_positive_physical_evidence,5,0,1.0,0.0,0,False,False,/workspace_whz_worktrees/funrec-assignment-v3_outputs/geometry_interior_v5/unknown_116_physical_events_001/regions/078_frame_206_layer_3
206,0.2996387806033801,frame_206_layer_6,6,unknown,MOVING,positive_moving_physical_evidence_no_static_conflict,3,5,0.6,1.0,0,False,False,/workspace_whz_worktrees/funrec-assignment-v3_outputs/geometry_interior_v5/unknown_116_physical_events_001/regions/079_frame_206_layer_6
206,0.2996387806033801,frame_206_layer_10,10,unknown,UNKNOWN,insufficient_positive_physical_evidence,0,1,0.0,0.2,0,False,False,/workspace_whz_worktrees/funrec-assignment-v3_outputs/geometry_interior_v5/unknown_116_physical_events_001/regions/080_frame_206_layer_10
206,0.2996387806033801,frame_206_layer_28,28,unknown,UNKNOWN,insufficient_positive_physical_evidence,5,2,1.0,0.4,0,False,False,/workspace_whz_worktrees/funrec-assignment-v3_outputs/geometry_interior_v5/unknown_116_physical_events_001/regions/081_frame_206_layer_28
207,0.3002295680213606,frame_207_layer_0,0,unknown,UNKNOWN,insufficient_positive_physical_evidence,2,1,0.5,0.25,0,False,False,/workspace_whz_worktrees/funrec-assignment-v3_outputs/geometry_interior_v5/unknown_116_physical_events_001/regions/082_frame_207_layer_0
207,0.3002295680213606,frame_207_layer_3,3,unknown,UNKNOWN,insufficient_positive_physical_evidence,4,0,1.0,0.0,0,False,False,/workspace_whz_worktrees/funrec-assignment-v3_outputs/geometry_interior_v5/unknown_116_physical_events_001/regions/083_frame_207_layer_3
207,0.3002295680213606,frame_207_layer_6,6,unknown,MOVING,positive_moving_physical_evidence_no_static_conflict,3,4,0.75,1.0,0,False,False,/workspace_whz_worktrees/funrec-assignment-v3_outputs/geometry_interior_v5/unknown_116_physical_events_001/regions/084_frame_207_layer_6
207,0.3002295680213606,frame_207_layer_10,10,unknown,UNKNOWN,insufficient_positive_physical_evidence,0,1,0.0,0.25,0,False,False,/workspace_whz_worktrees/funrec-assignment-v3_outputs/geometry_interior_v5/unknown_116_physical_events_001/regions/085_frame_207_layer_10
207,0.3002295680213606,frame_207_layer_28,28,unknown,UNKNOWN,insufficient_positive_physical_evidence,4,2,1.0,0.5,0,False,False,/workspace_whz_worktrees/funrec-assignment-v3_outputs/geometry_interior_v5/unknown_116_physical_events_001/regions/086_frame_207_layer_28
208,0.3002295680213606,frame_208_layer_0,0,unknown,UNKNOWN,insufficient_positive_physical_evidence,2,1,0.6666666666666666,0.3333333333333333,0,False,False,/workspace_whz_worktrees/funrec-assignment-v3_outputs/geometry_interior_v5/unknown_116_physical_events_001/regions/087_frame_208_layer_0
208,0.3002295680213606,frame_208_layer_3,3,unknown,UNKNOWN,insufficient_positive_physical_evidence,0,0,0.0,0.0,0,False,False,/workspace_whz_worktrees/funrec-assignment-v3_outputs/geometry_interior_v5/unknown_116_physical_events_001/regions/088_frame_208_layer_3
208,0.3002295680213606,frame_208_layer_6,6,unknown,UNKNOWN,insufficient_positive_physical_evidence,3,3,1.0,1.0,0,False,False,/workspace_whz_worktrees/funrec-assignment-v3_outputs/geometry_interior_v5/unknown_116_physical_events_001/regions/089_frame_208_layer_6
208,0.3002295680213606,frame_208_layer_10,10,unknown,UNKNOWN,insufficient_positive_physical_evidence,1,1,0.3333333333333333,0.3333333333333333,0,False,False,/workspace_whz_worktrees/funrec-assignment-v3_outputs/geometry_interior_v5/unknown_116_physical_events_001/regions/090_frame_208_layer_10
208,0.3002295680213606,frame_208_layer_28,28,unknown,UNKNOWN,insufficient_positive_physical_evidence,3,2,1.0,0.6666666666666666,0,False,False,/workspace_whz_worktrees/funrec-assignment-v3_outputs/geometry_interior_v5/unknown_116_physical_events_001/regions/091_frame_208_layer_28
209,0.3002295680213606,frame_209_layer_0,0,unknown,UNKNOWN,insufficient_positive_physical_evidence,1,1,0.5,0.5,0,False,False,/workspace_whz_worktrees/funrec-assignment-v3_outputs/geometry_interior_v5/unknown_116_physical_events_001/regions/092_frame_209_layer_0
209,0.3002295680213606,frame_209_layer_3,3,unknown,UNKNOWN,insufficient_positive_physical_evidence,0,0,0.0,0.0,0,False,False,/workspace_whz_worktrees/funrec-assignment-v3_outputs/geometry_interior_v5/unknown_116_physical_events_001/regions/093_frame_209_layer_3
209,0.3002295680213606,frame_209_layer_6,6,unknown,UNKNOWN,insufficient_positive_physical_evidence,1,2,0.5,1.0,0,False,False,/workspace_whz_worktrees/funrec-assignment-v3_outputs/geometry_interior_v5/unknown_116_physical_events_001/regions/094_frame_209_layer_6
209,0.3002295680213606,frame_209_layer_10,10,unknown,UNKNOWN,insufficient_positive_physical_evidence,1,1,0.5,0.5,0,False,False,/workspace_whz_worktrees/funrec-assignment-v3_outputs/geometry_interior_v5/unknown_116_physical_events_001/regions/095_frame_209_layer_10
209,0.3002295680213606,frame_209_layer_28,28,unknown,UNKNOWN,insufficient_positive_physical_evidence,2,2,1.0,1.0,0,False,False,/workspace_whz_worktrees/funrec-assignment-v3_outputs/geometry_interior_v5/unknown_116_physical_events_001/regions/096_frame_209_layer_28
210,0.3002295680213606,frame_210_layer_0,0,unknown,UNKNOWN,insufficient_positive_physical_evidence,1,0,1.0,0.0,0,False,False,/workspace_whz_worktrees/funrec-assignment-v3_outputs/geometry_interior_v5/unknown_116_physical_events_001/regions/097_frame_210_layer_0
210,0.3002295680213606,frame_210_layer_3,3,unknown,UNKNOWN,insufficient_positive_physical_evidence,1,0,1.0,0.0,0,False,False,/workspace_whz_worktrees/funrec-assignment-v3_outputs/geometry_interior_v5/unknown_116_physical_events_001/regions/098_frame_210_layer_3
210,0.3002295680213606,frame_210_layer_6,6,unknown,UNKNOWN,insufficient_positive_physical_evidence,1,1,1.0,1.0,0,False,False,/workspace_whz_worktrees/funrec-assignment-v3_outputs/geometry_interior_v5/unknown_116_physical_events_001/regions/099_frame_210_layer_6
210,0.3002295680213606,frame_210_layer_10,10,unknown,UNKNOWN,insufficient_positive_physical_evidence,1,1,1.0,1.0,0,False,False,/workspace_whz_worktrees/funrec-assignment-v3_outputs/geometry_interior_v5/unknown_116_physical_events_001/regions/100_frame_210_layer_10
210,0.3002295680213606,frame_210_layer_28,28,unknown,UNKNOWN,insufficient_positive_physical_evidence,1,1,1.0,1.0,0,False,False,/workspace_whz_worktrees/funrec-assignment-v3_outputs/geometry_interior_v5/unknown_116_physical_events_001/regions/101_frame_210_layer_28
211,0.3002295680213606,frame_211_layer_0,0,unknown,UNKNOWN,insufficient_positive_physical_evidence,0,0,0.0,0.0,0,False,False,/workspace_whz_worktrees/funrec-assignment-v3_outputs/geometry_interior_v5/unknown_116_physical_events_001/regions/102_frame_211_layer_0
211,0.3002295680213606,frame_211_layer_3,3,unknown,UNKNOWN,insufficient_positive_physical_evidence,0,0,0.0,0.0,0,False,False,/workspace_whz_worktrees/funrec-assignment-v3_outputs/geometry_interior_v5/unknown_116_physical_events_001/regions/103_frame_211_layer_3
211,0.3002295680213606,frame_211_layer_6,6,unknown,UNKNOWN,insufficient_positive_physical_evidence,0,0,0.0,0.0,0,False,False,/workspace_whz_worktrees/funrec-assignment-v3_outputs/geometry_interior_v5/unknown_116_physical_events_001/regions/104_frame_211_layer_6
211,0.3002295680213606,frame_211_layer_10,10,unknown,UNKNOWN,insufficient_positive_physical_evidence,0,0,0.0,0.0,0,False,False,/workspace_whz_worktrees/funrec-assignment-v3_outputs/geometry_interior_v5/unknown_116_physical_events_001/regions/105_frame_211_layer_10
211,0.3002295680213606,frame_211_layer_28,28,unknown,UNKNOWN,insufficient_positive_physical_evidence,0,0,0.0,0.0,0,False,False,/workspace_whz_worktrees/funrec-assignment-v3_outputs/geometry_interior_v5/unknown_116_physical_events_001/regions/106_frame_211_layer_28
212,0.3002295680213606,frame_212_layer_0,0,unknown,UNKNOWN,insufficient_positive_physical_evidence,0,0,0.0,0.0,0,False,False,/workspace_whz_worktrees/funrec-assignment-v3_outputs/geometry_interior_v5/unknown_116_physical_events_001/regions/107_frame_212_layer_0
212,0.3002295680213606,frame_212_layer_3,3,unknown,UNKNOWN,insufficient_positive_physical_evidence,0,0,0.0,0.0,0,False,False,/workspace_whz_worktrees/funrec-assignment-v3_outputs/geometry_interior_v5/unknown_116_physical_events_001/regions/108_frame_212_layer_3
212,0.3002295680213606,frame_212_layer_6,6,unknown,UNKNOWN,insufficient_positive_physical_evidence,0,0,0.0,0.0,0,False,False,/workspace_whz_worktrees/funrec-assignment-v3_outputs/geometry_interior_v5/unknown_116_physical_events_001/regions/109_frame_212_layer_6
212,0.3002295680213606,frame_212_layer_10,10,unknown,UNKNOWN,insufficient_positive_physical_evidence,0,0,0.0,0.0,0,False,False,/workspace_whz_worktrees/funrec-assignment-v3_outputs/geometry_interior_v5/unknown_116_physical_events_001/regions/110_frame_212_layer_10
212,0.3002295680213606,frame_212_layer_28,28,unknown,UNKNOWN,insufficient_positive_physical_evidence,0,0,0.0,0.0,0,False,False,/workspace_whz_worktrees/funrec-assignment-v3_outputs/geometry_interior_v5/unknown_116_physical_events_001/regions/111_frame_212_layer_28
213,0.3002295680213606,frame_213_layer_0,0,unknown,UNKNOWN,insufficient_positive_physical_evidence,0,0,0.0,0.0,0,False,False,/workspace_whz_worktrees/funrec-assignment-v3_outputs/geometry_interior_v5/unknown_116_physical_events_001/regions/112_frame_213_layer_0
213,0.3002295680213606,frame_213_layer_6,6,unknown,UNKNOWN,insufficient_positive_physical_evidence,0,0,0.0,0.0,0,False,False,/workspace_whz_worktrees/funrec-assignment-v3_outputs/geometry_interior_v5/unknown_116_physical_events_001/regions/113_frame_213_layer_6
213,0.3002295680213606,frame_213_layer_10,10,unknown,UNKNOWN,insufficient_positive_physical_evidence,0,0,0.0,0.0,0,False,False,/workspace_whz_worktrees/funrec-assignment-v3_outputs/geometry_interior_v5/unknown_116_physical_events_001/regions/114_frame_213_layer_10
213,0.3002295680213606,frame_213_layer_28,28,unknown,UNKNOWN,insufficient_positive_physical_evidence,0,0,0.0,0.0,0,False,False,/workspace_whz_worktrees/funrec-assignment-v3_outputs/geometry_interior_v5/unknown_116_physical_events_001/regions/115_frame_213_layer_28
