original_frame_id,proposal_id,source_layer,control_group,decision,formal_ownership_label,decision_reason,observation_count,informative_observation_count,effective_chain_length,censored_observation_count,ambiguous_neutral_observation_count,posterior_moving_before_censor,posterior_moving_after_censor,aggregate_evidence_before_censor,aggregate_evidence_after_censor,tangent_motion,trusted_finite_physical_edge,short_censored,short_ambiguous,short_moving_evidence,short_static_evidence,medium_censored,medium_ambiguous,medium_moving_evidence,medium_static_evidence,long_censored,long_ambiguous,long_moving_evidence,long_static_evidence,expected_label
195,frame_195_layer_25,25,drawer_front,MOVING_LINK,MOVING_LINK,retained_frozen_noise_observations_favor_drawer_model,23,19,19,4,0,1.0,1.0,2141.3040010864734,1626.3827084957784,False,True,0,0,0,0,0,0,2,0,4,0,17,0,MOVING_LINK
196,frame_196_layer_25,25,drawer_front,MOVING_LINK,MOVING_LINK,retained_frozen_noise_observations_favor_drawer_model,23,21,21,2,0,1.0,1.0,2236.007721757982,1921.5819967128682,False,True,0,0,0,0,0,0,3,0,2,0,18,0,MOVING_LINK
197,frame_197_layer_25,25,drawer_front,MOVING_LINK,MOVING_LINK,retained_frozen_noise_observations_favor_drawer_model,23,17,17,6,0,1.0,1.0,1758.4080908977103,1292.8494184347228,False,True,0,0,0,0,0,0,5,0,6,0,12,0,MOVING_LINK
198,frame_198_layer_25,25,drawer_front,MOVING_LINK,MOVING_LINK,retained_frozen_noise_observations_favor_drawer_model,24,16,16,8,0,1.0,1.0,1536.2654166175066,1060.57177635152,False,False,0,0,1,0,0,0,7,0,8,0,8,0,MOVING_LINK
202,frame_202_layer_2,2,active_comoving_box,MOVING_LINK,MOVING_LINK,retained_frozen_noise_observations_favor_drawer_model,21,6,6,15,0,7.632975997851271e-89,1.0,-202.8975954681823,54.65976868984795,False,True,0,0,2,0,0,0,3,0,15,0,1,0,MOVING_LINK
203,frame_203_layer_2,2,active_comoving_box,MOVING_LINK,MOVING_LINK,retained_frozen_noise_observations_favor_drawer_model,21,5,5,15,0,8.847870942227726e-91,1.0,-207.35506660387998,48.4971067742288,False,True,0,0,3,0,0,0,1,0,15,0,2,0,MOVING_LINK
204,frame_204_layer_2,2,active_comoving_box,MOVING_LINK,MOVING_LINK,retained_frozen_noise_observations_favor_drawer_model,23,8,8,15,0,4.485095458453544e-82,1.0,-187.31121784629136,66.60039051342491,False,True,0,0,4,0,0,0,2,0,15,0,2,0,MOVING_LINK
205,frame_205_layer_2,2,active_comoving_box,MOVING_LINK,MOVING_LINK,retained_frozen_noise_observations_favor_drawer_model,23,6,6,17,0,8.118086133694532e-77,1.0,-175.2049577319699,37.89744720271843,False,True,0,0,4,0,0,0,2,0,17,0,0,0,MOVING_LINK
206,frame_206_layer_2,2,active_comoving_box,MOVING_LINK,MOVING_LINK,retained_frozen_noise_observations_favor_drawer_model,23,8,8,15,0,4.7938262634826984e-85,1.0,-194.15240400954667,80.88188005184892,False,True,0,0,1,0,0,0,4,0,15,0,3,0,MOVING_LINK
188,frame_188_layer_0,0,documented_floor_false_positive,WORLD_STATIC,WORLD_STATIC,retained_frozen_noise_observations_favor_static_model,24,12,12,6,4,5.6492649886010715e-30,5.6492649886010715e-30,-67.34602734363861,-67.34602734363861,True,False,0,1,0,0,0,3,0,0,6,0,0,14,NOT_MOVING_LINK
189,frame_189_layer_0,0,documented_floor_false_positive,WORLD_STATIC,WORLD_STATIC,retained_frozen_noise_observations_favor_static_model,23,10,10,9,4,2.0183865378025097e-24,2.0183865378025097e-24,-54.55974378327179,-54.55974378327179,True,True,0,0,0,0,0,3,0,0,9,1,0,10,NOT_MOVING_LINK
189,frame_189_layer_6,6,documented_floor_false_positive,UNKNOWN,UNKNOWN,tangent_or_repeated_plane_without_trusted_finite_physical_edge,23,3,3,13,3,1.0,3.7783204413400924e-06,826.1897753801056,-12.486227196435802,True,False,0,0,0,0,0,2,0,1,13,1,0,6,NOT_MOVING_LINK
190,frame_190_layer_6,6,documented_floor_false_positive,WORLD_STATIC,WORLD_STATIC,retained_frozen_noise_observations_favor_static_model,23,5,5,13,4,1.0,3.991439210234909e-08,699.7562589628963,-17.036528833854838,True,False,0,0,0,0,0,3,0,0,13,1,0,6,NOT_MOVING_LINK
191,frame_191_layer_6,6,documented_floor_false_positive,WORLD_STATIC,WORLD_STATIC,retained_frozen_noise_observations_favor_static_model,23,6,6,12,2,1.0,5.321689873746062e-11,592.9361041096153,-23.656645124525376,True,False,0,0,0,0,0,2,0,0,12,0,0,9,NOT_MOVING_LINK
192,frame_192_layer_6,6,documented_floor_false_positive,WORLD_STATIC,WORLD_STATIC,retained_frozen_noise_observations_favor_static_model,23,7,7,11,3,1.0,1.9944135022723825e-12,442.1824790818207,-26.94067109262981,True,False,0,0,0,0,0,2,0,0,11,1,0,9,NOT_MOVING_LINK
193,frame_193_layer_6,6,documented_floor_false_positive,WORLD_STATIC,WORLD_STATIC,retained_frozen_noise_observations_favor_static_model,23,8,8,10,3,1.0,1.533756221183762e-16,302.93712617908614,-36.41364171467844,True,False,0,0,0,0,0,2,0,0,10,1,0,10,NOT_MOVING_LINK
194,frame_194_layer_6,6,documented_floor_false_positive,WORLD_STATIC,WORLD_STATIC,retained_frozen_noise_observations_favor_static_model,23,6,6,12,3,1.0,6.4801623025921666e-12,193.9439299867205,-25.762275559175226,True,False,0,0,0,0,0,2,0,0,12,1,0,8,NOT_MOVING_LINK
195,frame_195_layer_6,6,documented_floor_false_positive,WORLD_STATIC,WORLD_STATIC,retained_frozen_noise_observations_favor_static_model,23,6,6,12,4,1.0,3.351037633927657e-12,70.01350197185695,-26.421751076577266,True,False,0,0,0,0,0,2,0,0,12,2,0,7,NOT_MOVING_LINK
196,frame_196_layer_6,6,documented_floor_false_positive,WORLD_STATIC,WORLD_STATIC,retained_frozen_noise_observations_favor_static_model,23,6,6,9,4,0.022652038252587655,2.7797254700352762e-12,-3.764592904950958,-26.608668944885373,True,False,0,0,0,0,0,3,0,0,9,1,0,10,NOT_MOVING_LINK
197,frame_197_layer_6,6,documented_floor_false_positive,WORLD_STATIC,WORLD_STATIC,retained_frozen_noise_observations_favor_static_model,23,6,6,6,8,7.478726351693227e-13,7.478726351693227e-13,-27.9215437052715,-27.9215437052715,True,False,0,0,0,0,0,5,0,0,6,3,0,9,NOT_MOVING_LINK
198,frame_198_layer_6,6,documented_floor_false_positive,WORLD_STATIC,WORLD_STATIC,retained_frozen_noise_observations_favor_static_model,24,7,7,6,10,2.6635361130517713e-15,2.6635361130517713e-15,-33.559121789132554,-33.559121789132554,True,False,0,1,0,0,0,7,0,0,6,2,0,8,NOT_MOVING_LINK
199,frame_199_layer_6,6,documented_floor_false_positive,WORLD_STATIC,WORLD_STATIC,retained_frozen_noise_observations_favor_static_model,23,7,7,7,8,4.307118219480733e-15,4.307118219480733e-15,-33.078507340996055,-33.078507340996055,True,False,0,3,0,0,0,5,0,0,7,0,0,8,NOT_MOVING_LINK
200,frame_200_layer_6,6,documented_floor_false_positive,WORLD_STATIC,WORLD_STATIC,retained_frozen_noise_observations_favor_static_model,22,7,7,8,6,2.296595454667931e-14,2.296595454667931e-14,-31.404763512715668,-31.404763512715668,True,False,0,3,0,0,0,3,0,0,8,0,0,8,NOT_MOVING_LINK
201,frame_201_layer_6,6,documented_floor_false_positive,WORLD_STATIC,WORLD_STATIC,retained_frozen_noise_observations_favor_static_model,22,8,8,7,6,7.26274350449322e-18,7.26274350449322e-18,-39.46377402325888,-39.46377402325888,True,False,0,3,0,0,0,3,0,0,7,0,0,9,NOT_MOVING_LINK
202,frame_202_layer_6,6,documented_floor_false_positive,WORLD_STATIC,WORLD_STATIC,retained_frozen_noise_observations_favor_static_model,21,8,8,7,5,1.1082558941525767e-17,1.1082558941525767e-17,-39.04115906783761,-39.04115906783761,True,False,0,2,0,0,0,3,0,0,7,0,0,9,NOT_MOVING_LINK
203,frame_203_layer_6,6,documented_floor_false_positive,WORLD_STATIC,WORLD_STATIC,retained_frozen_noise_observations_favor_static_model,21,7,7,8,5,3.775441958482343e-15,3.775441958482343e-15,-33.21025894396779,-33.21025894396779,True,False,0,3,0,0,0,1,0,0,8,1,0,8,NOT_MOVING_LINK
204,frame_204_layer_6,6,documented_floor_false_positive,WORLD_STATIC,WORLD_STATIC,retained_frozen_noise_observations_favor_static_model,23,8,8,8,7,1.5768792956496365e-16,1.5768792956496365e-16,-36.3859137233417,-36.3859137233417,True,False,0,4,0,0,0,2,0,0,8,1,0,8,NOT_MOVING_LINK
205,frame_205_layer_6,6,documented_floor_false_positive,WORLD_STATIC,WORLD_STATIC,retained_frozen_noise_observations_favor_static_model,23,8,8,8,6,2.6367846875211067e-17,2.6367846875211067e-17,-38.17438632740308,-38.17438632740308,True,False,0,4,0,0,0,2,0,0,8,0,0,9,NOT_MOVING_LINK
206,frame_206_layer_6,6,documented_floor_false_positive,WORLD_STATIC,WORLD_STATIC,retained_frozen_noise_observations_favor_static_model,23,7,7,9,6,1.5606917597456393e-15,1.5606917597456393e-15,-34.093647236203424,-34.093647236203424,True,False,0,1,0,0,0,4,0,0,9,1,0,8,NOT_MOVING_LINK
207,frame_207_layer_6,6,documented_floor_false_positive,UNKNOWN,UNKNOWN,tangent_or_repeated_plane_without_trusted_finite_physical_edge,0,0,0,0,0,0.5,0.5,0.0,0.0,True,False,0,0,0,0,0,0,0,0,0,0,0,0,NOT_MOVING_LINK
211,frame_211_layer_2,2,plateau_only,UNKNOWN,UNKNOWN,plateau_only_comparisons_cannot_create_ownership,0,0,0,0,0,0.5,0.5,0.0,0.0,False,True,0,0,0,0,0,0,0,0,0,0,0,0,UNKNOWN
213,frame_213_layer_2,2,plateau_only,UNKNOWN,UNKNOWN,plateau_only_comparisons_cannot_create_ownership,0,0,0,0,0,0.5,0.5,0.0,0.0,False,True,0,0,0,0,0,0,0,0,0,0,0,0,UNKNOWN
195,frame_195_layer_3,3,provisional_world_static,WORLD_STATIC,WORLD_STATIC,retained_frozen_noise_observations_favor_static_model,23,13,13,10,0,2.0568525679461085e-99,2.0568525679461085e-99,-227.2347472716452,-227.2347472716452,False,True,0,0,0,0,0,0,0,2,10,0,0,11,WORLD_STATIC_OR_UNKNOWN
196,frame_196_layer_3,3,provisional_world_static,WORLD_STATIC,WORLD_STATIC,retained_frozen_noise_observations_favor_static_model,23,14,14,9,0,4.335221823832566e-91,4.335221823832566e-91,-208.06847068310054,-208.06847068310054,False,True,0,0,0,0,0,0,0,3,9,0,0,11,WORLD_STATIC_OR_UNKNOWN
197,frame_197_layer_3,3,provisional_world_static,UNKNOWN,UNKNOWN,retained_evidence_not_consistent_enough,23,15,15,8,0,4.646326358986417e-76,4.646326358986417e-76,-173.46039019051213,-173.46039019051213,False,True,0,0,0,0,0,0,0,5,8,0,0,10,WORLD_STATIC_OR_UNKNOWN
