original_frame_id,proposal_id,source_layer,control_group,decision,formal_ownership_label,decision_reason,observation_count,informative_observation_count,effective_chain_length,censored_observation_count,ambiguous_neutral_observation_count,posterior_moving_before_censor,posterior_moving_after_censor,aggregate_evidence_before_censor,aggregate_evidence_after_censor,tangent_motion,trusted_finite_physical_edge,short_censored,short_ambiguous,short_moving_evidence,short_static_evidence,medium_censored,medium_ambiguous,medium_moving_evidence,medium_static_evidence,long_censored,long_ambiguous,long_moving_evidence,long_static_evidence
187,frame_187_layer_0,0,ambiguity_116,WORLD_STATIC,WORLD_STATIC,retained_frozen_noise_observations_favor_static_model,25,11,11,6,7,2.252869551667639e-29,2.252869551667639e-29,-65.9627629368903,-65.9627629368903,True,False,0,2,0,0,0,4,0,0,6,1,0,12
188,frame_188_layer_0,0,ambiguity_116,WORLD_STATIC,WORLD_STATIC,retained_frozen_noise_observations_favor_static_model,24,12,12,6,4,5.6492649886010715e-30,5.6492649886010715e-30,-67.34602734363861,-67.34602734363861,True,False,0,1,0,0,0,3,0,0,6,0,0,14
189,frame_189_layer_0,0,ambiguity_116,WORLD_STATIC,WORLD_STATIC,retained_frozen_noise_observations_favor_static_model,23,10,10,9,4,2.0183865378025097e-24,2.0183865378025097e-24,-54.55974378327179,-54.55974378327179,True,True,0,0,0,0,0,3,0,0,9,1,0,10
189,frame_189_layer_6,6,ambiguity_116,UNKNOWN,UNKNOWN,tangent_or_repeated_plane_without_trusted_finite_physical_edge,23,3,3,13,3,1.0,3.7783204413400924e-06,826.1897753801056,-12.486227196435802,True,False,0,0,0,0,0,2,0,1,13,1,0,6
190,frame_190_layer_0,0,ambiguity_116,WORLD_STATIC,WORLD_STATIC,retained_frozen_noise_observations_favor_static_model,23,9,9,11,3,2.0054491276013993e-21,2.0054491276013993e-21,-47.65841891341031,-47.65841891341031,True,True,0,0,0,0,1,2,0,0,10,1,0,9
190,frame_190_layer_6,6,ambiguity_116,WORLD_STATIC,WORLD_STATIC,retained_frozen_noise_observations_favor_static_model,23,5,5,13,4,1.0,3.991439210234909e-08,699.7562589628963,-17.036528833854838,True,False,0,0,0,0,0,3,0,0,13,1,0,6
191,frame_191_layer_0,0,ambiguity_116,WORLD_STATIC,WORLD_STATIC,retained_frozen_noise_observations_favor_static_model,23,11,11,8,3,3.1742256451887986e-23,3.1742256451887986e-23,-51.80439342754383,-51.80439342754383,True,True,0,0,0,0,0,2,0,0,8,1,0,12
191,frame_191_layer_6,6,ambiguity_116,WORLD_STATIC,WORLD_STATIC,retained_frozen_noise_observations_favor_static_model,23,6,6,12,2,1.0,5.321689873746062e-11,592.9361041096153,-23.656645124525376,True,False,0,0,0,0,0,2,0,0,12,0,0,9
192,frame_192_layer_0,0,ambiguity_116,WORLD_STATIC,WORLD_STATIC,retained_frozen_noise_observations_favor_static_model,23,10,10,9,4,2.317322392473415e-19,2.317322392473415e-19,-42.90870438891773,-42.90870438891773,True,True,0,0,0,0,0,2,0,0,9,2,0,10
192,frame_192_layer_6,6,ambiguity_116,WORLD_STATIC,WORLD_STATIC,retained_frozen_noise_observations_favor_static_model,23,7,7,11,3,1.0,1.9944135022723825e-12,442.1824790818207,-26.94067109262981,True,False,0,0,0,0,0,2,0,0,11,1,0,9
193,frame_193_layer_0,0,ambiguity_116,WORLD_STATIC,WORLD_STATIC,retained_frozen_noise_observations_favor_static_model,23,10,10,9,4,5.061407484036951e-18,4.503528945689307e-17,-39.82488707037188,-37.63908528130144,True,False,0,0,0,0,0,2,0,0,9,2,0,10
193,frame_193_layer_6,6,ambiguity_116,WORLD_STATIC,WORLD_STATIC,retained_frozen_noise_observations_favor_static_model,23,8,8,10,3,1.0,1.533756221183762e-16,302.93712617908614,-36.41364171467844,True,False,0,0,0,0,0,2,0,0,10,1,0,10
193,frame_193_layer_11,11,ambiguity_116,UNKNOWN,UNKNOWN,tangent_or_repeated_plane_without_trusted_finite_physical_edge,23,1,1,18,0,7.245064068172991e-55,0.25509744991235983,-124.66185969585091,-1.0716077758980367,True,False,0,0,0,0,1,0,1,0,17,0,2,2
194,frame_194_layer_0,0,ambiguity_116,WORLD_STATIC,WORLD_STATIC,retained_frozen_noise_observations_favor_static_model,23,8,8,12,3,1.3707095177683748e-11,1.3707095177683748e-11,-25.01310752096141,-25.01310752096141,True,False,0,0,0,0,0,2,0,0,12,1,0,8
194,frame_194_layer_6,6,ambiguity_116,WORLD_STATIC,WORLD_STATIC,retained_frozen_noise_observations_favor_static_model,23,6,6,12,3,1.0,6.4801623025921666e-12,193.9439299867205,-25.762275559175226,True,False,0,0,0,0,0,2,0,0,12,1,0,8
194,frame_194_layer_11,11,ambiguity_116,UNKNOWN,UNKNOWN,tangent_or_repeated_plane_without_trusted_finite_physical_edge,23,0,0,19,0,7.589172021852836e-51,0.5,-115.40511724526925,0.0,True,False,0,0,0,0,1,0,1,0,18,0,3,0
195,frame_195_layer_0,0,ambiguity_116,WORLD_STATIC,WORLD_STATIC,retained_frozen_noise_observations_favor_static_model,23,7,7,11,5,7.828665014081045e-11,6.859143262112966e-10,-23.270644023675594,-21.100268384220833,True,False,0,0,0,0,0,2,0,0,11,3,0,7
195,frame_195_layer_6,6,ambiguity_116,WORLD_STATIC,WORLD_STATIC,retained_frozen_noise_observations_favor_static_model,23,6,6,12,4,1.0,3.351037633927657e-12,70.01350197185695,-26.421751076577266,True,False,0,0,0,0,0,2,0,0,12,2,0,7
195,frame_195_layer_11,11,ambiguity_116,UNKNOWN,UNKNOWN,tangent_or_repeated_plane_without_trusted_finite_physical_edge,23,0,0,12,0,1.2845827344353467e-82,0.5,-188.5615436801814,0.0,True,False,0,0,0,0,1,0,1,0,11,0,10,0
195,frame_195_layer_28,28,ambiguity_116,WORLD_STATIC,WORLD_STATIC,retained_frozen_noise_observations_favor_static_model,23,5,5,0,4,3.3139079373051145e-12,3.3139079373051145e-12,-26.432892977238804,-26.432892977238804,True,False,0,0,0,0,0,2,0,0,0,2,0,19
196,frame_196_layer_0,0,ambiguity_116,WORLD_STATIC,WORLD_STATIC,retained_frozen_noise_observations_favor_static_model,23,6,6,11,5,3.011635833643278e-07,3.011635833643278e-07,-15.015611952331577,-15.015611952331577,True,True,0,0,0,0,0,3,0,0,11,2,0,7
196,frame_196_layer_6,6,ambiguity_116,WORLD_STATIC,WORLD_STATIC,retained_frozen_noise_observations_favor_static_model,23,6,6,9,4,0.022652038252587655,2.7797254700352762e-12,-3.764592904950958,-26.608668944885373,True,False,0,0,0,0,0,3,0,0,9,1,0,10
196,frame_196_layer_11,11,ambiguity_116,UNKNOWN,UNKNOWN,tangent_or_repeated_plane_without_trusted_finite_physical_edge,23,0,0,13,1,2.4504870842686217e-94,0.5,-215.54671192673817,0.0,True,False,0,0,0,0,0,1,2,0,13,0,7,0
196,frame_196_layer_28,28,ambiguity_116,WORLD_STATIC,WORLD_STATIC,retained_frozen_noise_observations_favor_static_model,23,6,6,0,4,1.2523336580425629e-15,1.2523336580425629e-15,-34.31376765770361,-34.31376765770361,True,True,0,0,0,0,0,2,0,1,0,2,0,18
197,frame_197_layer_0,0,ambiguity_116,WORLD_STATIC,WORLD_STATIC,retained_frozen_noise_observations_favor_static_model,23,3,3,11,9,0.0002913560906238509,0.0002913560906238509,-8.140672961215042,-8.140672961215042,True,False,0,0,0,0,0,5,0,0,11,4,0,3
197,frame_197_layer_6,6,ambiguity_116,WORLD_STATIC,WORLD_STATIC,retained_frozen_noise_observations_favor_static_model,23,6,6,6,8,7.478726351693227e-13,7.478726351693227e-13,-27.9215437052715,-27.9215437052715,True,False,0,0,0,0,0,5,0,0,6,3,0,9
197,frame_197_layer_10,10,ambiguity_116,UNKNOWN,UNKNOWN,tangent_or_repeated_plane_without_trusted_finite_physical_edge,23,0,0,17,1,3.15301836297424e-73,0.5,-166.94035158405038,0.0,True,False,0,0,0,0,2,1,1,1,15,0,0,3
197,frame_197_layer_11,11,ambiguity_116,UNKNOWN,UNKNOWN,tangent_or_repeated_plane_without_trusted_finite_physical_edge,23,0,0,11,1,1.0586372425554386e-108,0.5,-248.62220758258235,0.0,True,False,0,0,0,0,0,1,4,0,11,0,7,0
197,frame_197_layer_28,28,ambiguity_116,WORLD_STATIC,WORLD_STATIC,retained_frozen_noise_observations_favor_static_model,23,7,7,0,4,4.765896225010652e-19,4.765896225010652e-19,-42.18763116246948,-42.18763116246948,True,False,0,0,0,0,0,2,0,3,0,2,0,16
198,frame_198_layer_0,0,ambiguity_116,WORLD_STATIC,WORLD_STATIC,retained_frozen_noise_observations_favor_static_model,24,2,2,13,9,0.0006768653853946941,0.0006768653853946941,-7.29736105015075,-7.29736105015075,True,True,0,1,0,0,0,7,0,0,13,1,0,2
198,frame_198_layer_6,6,ambiguity_116,WORLD_STATIC,WORLD_STATIC,retained_frozen_noise_observations_favor_static_model,24,7,7,6,10,2.6635361130517713e-15,2.6635361130517713e-15,-33.559121789132554,-33.559121789132554,True,False,0,1,0,0,0,7,0,0,6,2,0,8
198,frame_198_layer_10,10,ambiguity_116,UNKNOWN,UNKNOWN,tangent_or_repeated_plane_without_trusted_finite_physical_edge,24,0,0,17,4,1.367067298599964e-78,0.5,-179.28896946613506,0.0,True,False,0,0,1,0,2,3,0,2,15,1,0,0
198,frame_198_layer_11,11,ambiguity_116,UNKNOWN,UNKNOWN,tangent_or_repeated_plane_without_trusted_finite_physical_edge,24,0,0,13,3,1.2796452845724322e-103,0.5,-236.9196816602882,0.0,True,False,0,1,0,0,0,2,5,0,13,0,3,0
198,frame_198_layer_28,28,ambiguity_116,WORLD_STATIC,WORLD_STATIC,retained_frozen_noise_observations_favor_static_model,24,8,8,0,9,8.351631880840522e-23,8.351631880840522e-23,-50.837000184263985,-50.837000184263985,True,True,0,1,0,0,0,6,0,1,0,2,0,14
199,frame_199_layer_0,0,ambiguity_116,WORLD_STATIC,WORLD_STATIC,retained_frozen_noise_observations_favor_static_model,23,2,2,14,7,0.00031001210658386025,0.00031001210658386025,-8.078589147581056,-8.078589147581056,True,False,0,3,0,0,1,4,0,0,13,0,0,2
199,frame_199_layer_3,3,ambiguity_116,WORLD_STATIC,WORLD_STATIC,retained_frozen_noise_observations_favor_static_model,23,15,15,8,0,8.434940697223613e-47,8.434940697223613e-47,-106.08911668530726,-106.08911668530726,False,True,0,0,0,3,0,0,0,5,8,0,0,7
199,frame_199_layer_6,6,ambiguity_116,WORLD_STATIC,WORLD_STATIC,retained_frozen_noise_observations_favor_static_model,23,7,7,7,8,4.307118219480733e-15,4.307118219480733e-15,-33.078507340996055,-33.078507340996055,True,False,0,3,0,0,0,5,0,0,7,0,0,8
199,frame_199_layer_10,10,ambiguity_116,UNKNOWN,UNKNOWN,tangent_or_repeated_plane_without_trusted_finite_physical_edge,23,0,0,17,3,1.9579350245662048e-81,0.5,-185.83750217355336,0.0,True,False,1,1,1,0,1,2,1,1,15,0,0,0
199,frame_199_layer_12,12,ambiguity_116,UNKNOWN,UNKNOWN,tangent_or_repeated_plane_without_trusted_finite_physical_edge,23,3,3,19,1,3.1805330874172747e-114,1.0612070382697822e-08,-261.3376517810261,-18.36127375771203,True,False,2,1,0,0,5,0,0,0,12,0,0,3
199,frame_199_layer_24,24,ambiguity_116,WORLD_STATIC,WORLD_STATIC,retained_frozen_noise_observations_favor_static_model,23,6,6,12,1,2.2285211515236294e-33,2.2285211515236294e-33,-75.18396986407157,-75.18396986407157,True,True,1,1,0,1,2,0,0,3,9,0,0,6
199,frame_199_layer_28,28,ambiguity_116,WORLD_STATIC,WORLD_STATIC,retained_frozen_noise_observations_favor_static_model,23,9,9,0,9,6.02323078378401e-26,6.02323078378401e-26,-58.07158862743583,-58.07158862743583,True,True,0,3,0,0,0,5,0,0,0,1,0,14
200,frame_200_layer_0,0,ambiguity_116,UNKNOWN,UNKNOWN,tangent_or_repeated_plane_without_trusted_finite_physical_edge,22,1,1,16,5,0.011985246160537154,0.011985246160537154,-4.4120212239449295,-4.4120212239449295,True,False,0,3,0,0,1,2,0,0,15,0,0,1
200,frame_200_layer_3,3,ambiguity_116,WORLD_STATIC,WORLD_STATIC,retained_frozen_noise_observations_favor_static_model,22,14,14,8,0,1.7046981873310368e-37,1.7046981873310368e-37,-84.66226036194156,-84.66226036194156,False,True,0,0,0,3,0,0,0,3,8,0,0,8
200,frame_200_layer_6,6,ambiguity_116,WORLD_STATIC,WORLD_STATIC,retained_frozen_noise_observations_favor_static_model,22,7,7,8,6,2.296595454667931e-14,2.296595454667931e-14,-31.404763512715668,-31.404763512715668,True,False,0,3,0,0,0,3,0,0,8,0,0,8
200,frame_200_layer_10,10,ambiguity_116,UNKNOWN,UNKNOWN,tangent_or_repeated_plane_without_trusted_finite_physical_edge,22,0,0,16,2,5.200229079640351e-88,0.5,-200.978785505082,0.0,True,False,0,1,1,1,0,1,0,2,16,0,0,0
200,frame_200_layer_24,24,ambiguity_116,WORLD_STATIC,WORLD_STATIC,retained_frozen_noise_observations_favor_static_model,22,3,3,16,2,1.4656807775314772e-17,1.4656807775314772e-17,-38.76162675180609,-38.76162675180609,True,True,0,2,0,1,3,0,0,0,13,0,0,3
200,frame_200_layer_28,28,ambiguity_116,WORLD_STATIC,WORLD_STATIC,retained_frozen_noise_observations_favor_static_model,22,10,10,0,8,3.44833654132789e-29,3.44833654132789e-29,-65.53707574399544,-65.53707574399544,True,True,0,3,0,0,0,3,0,0,0,2,0,14
201,frame_201_layer_0,0,ambiguity_116,UNKNOWN,UNKNOWN,insufficient_retained_one_model_compatible_observations,22,1,1,16,5,0.013399488489159535,0.013399488489159535,-4.299048673480185,-4.299048673480185,True,True,0,3,0,0,1,2,0,0,15,0,0,1
201,frame_201_layer_3,3,ambiguity_116,WORLD_STATIC,WORLD_STATIC,retained_frozen_noise_observations_favor_static_model,22,13,13,8,1,1.5999647252392908e-42,1.5999647252392908e-42,-96.23859232347266,-96.23859232347266,False,True,0,1,0,2,0,0,0,3,8,0,0,8
201,frame_201_layer_6,6,ambiguity_116,WORLD_STATIC,WORLD_STATIC,retained_frozen_noise_observations_favor_static_model,22,8,8,7,6,7.26274350449322e-18,7.26274350449322e-18,-39.46377402325888,-39.46377402325888,True,False,0,3,0,0,0,3,0,0,7,0,0,9
201,frame_201_layer_10,10,ambiguity_116,UNKNOWN,UNKNOWN,tangent_or_repeated_plane_without_trusted_finite_physical_edge,22,0,0,18,1,9.313917999756676e-82,0.5,-186.58046778496748,0.0,True,False,1,0,1,1,1,1,0,1,16,0,0,0
201,frame_201_layer_12,12,ambiguity_116,WORLD_STATIC,WORLD_STATIC,retained_frozen_noise_observations_favor_static_model,22,3,3,15,3,7.771683064649313e-136,2.3387222800691207e-20,-311.1010858956304,-45.20209711380074,True,False,0,3,0,0,3,0,0,0,12,0,0,4
201,frame_201_layer_24,24,ambiguity_116,WORLD_STATIC,WORLD_STATIC,retained_frozen_noise_observations_favor_static_model,22,2,2,17,2,6.477437120074274e-13,6.477437120074274e-13,-28.06528128295233,-28.06528128295233,True,True,0,2,0,1,3,0,0,0,14,0,0,2
201,frame_201_layer_28,28,ambiguity_116,WORLD_STATIC,WORLD_STATIC,retained_frozen_noise_observations_favor_static_model,22,10,10,0,8,5.267635018207711e-29,5.267635018207711e-29,-65.11338619814681,-65.11338619814681,True,True,0,3,0,0,0,3,0,0,0,2,0,14
202,frame_202_layer_0,0,ambiguity_116,UNKNOWN,UNKNOWN,tangent_or_repeated_plane_without_trusted_finite_physical_edge,21,1,1,15,5,0.012707938630736774,0.012707938630736774,-4.352739016624674,-4.352739016624674,True,False,0,2,0,0,0,3,0,0,15,0,0,1
202,frame_202_layer_3,3,ambiguity_116,WORLD_STATIC,WORLD_STATIC,retained_frozen_noise_observations_favor_static_model,21,11,11,9,1,2.982127136580612e-36,2.982127136580612e-36,-81.80042649768372,-81.80042649768372,False,True,0,1,0,1,0,0,0,3,9,0,0,7
202,frame_202_layer_6,6,ambiguity_116,WORLD_STATIC,WORLD_STATIC,retained_frozen_noise_observations_favor_static_model,21,8,8,7,5,1.1082558941525767e-17,1.1082558941525767e-17,-39.04115906783761,-39.04115906783761,True,False,0,2,0,0,0,3,0,0,7,0,0,9
202,frame_202_layer_10,10,ambiguity_116,UNKNOWN,UNKNOWN,tangent_or_repeated_plane_without_trusted_finite_physical_edge,21,0,0,19,1,3.123824641301249e-74,0.5,-169.25223878390352,0.0,True,False,0,1,0,1,3,0,0,0,16,0,0,0
202,frame_202_layer_24,24,ambiguity_116,WORLD_STATIC,WORLD_STATIC,retained_frozen_noise_observations_favor_static_model,21,2,2,17,1,3.1805104341661127e-13,3.1805104341661127e-13,-28.77656451112245,-28.77656451112245,True,False,0,1,0,1,3,0,0,0,14,0,0,2
202,frame_202_layer_28,28,ambiguity_116,WORLD_STATIC,WORLD_STATIC,retained_frozen_noise_observations_favor_static_model,21,10,10,0,6,1.2397257685259652e-29,1.2397257685259652e-29,-66.56007749608317,-66.56007749608317,True,True,0,2,0,0,0,3,0,0,0,1,0,15
203,frame_203_layer_0,0,ambiguity_116,UNKNOWN,UNKNOWN,tangent_or_repeated_plane_without_trusted_finite_physical_edge,21,0,0,17,4,0.5,0.5,0.0,0.0,True,False,0,3,0,0,0,1,0,0,17,0,0,0
203,frame_203_layer_3,3,ambiguity_116,WORLD_STATIC,WORLD_STATIC,retained_frozen_noise_observations_favor_static_model,21,11,11,9,1,5.2831404248831967e-36,5.2831404248831967e-36,-81.22854264943747,-81.22854264943747,False,True,0,1,0,2,0,0,0,1,9,0,0,8
203,frame_203_layer_6,6,ambiguity_116,WORLD_STATIC,WORLD_STATIC,retained_frozen_noise_observations_favor_static_model,21,7,7,8,5,3.775441958482343e-15,3.775441958482343e-15,-33.21025894396779,-33.21025894396779,True,False,0,3,0,0,0,1,0,0,8,1,0,8
203,frame_203_layer_10,10,ambiguity_116,UNKNOWN,UNKNOWN,tangent_or_repeated_plane_without_trusted_finite_physical_edge,21,0,0,17,1,1.7457311805498815e-74,0.5,-169.83412339902534,0.0,True,False,0,1,0,2,0,0,0,1,17,0,0,0
203,frame_203_layer_24,24,ambiguity_116,WORLD_STATIC,WORLD_STATIC,retained_frozen_noise_observations_favor_static_model,21,3,3,15,2,1.8011814947743183e-20,1.8011814947743183e-20,-45.463259024320124,-45.463259024320124,True,False,0,2,0,1,1,0,0,0,14,0,0,3
203,frame_203_layer_28,28,ambiguity_116,WORLD_STATIC,WORLD_STATIC,retained_frozen_noise_observations_favor_static_model,21,10,10,0,6,4.285877671214025e-30,4.285877671214025e-30,-67.62222743465793,-67.62222743465793,True,True,0,3,0,0,0,1,0,0,0,2,0,15
204,frame_204_layer_0,0,ambiguity_116,UNKNOWN,UNKNOWN,tangent_or_repeated_plane_without_trusted_finite_physical_edge,23,1,1,16,6,0.01177755093588618,0.01177755093588618,-4.429712566850061,-4.429712566850061,True,False,0,4,0,0,0,2,0,0,16,0,0,1
204,frame_204_layer_3,3,ambiguity_116,WORLD_STATIC,WORLD_STATIC,retained_frozen_noise_observations_favor_static_model,23,13,13,8,1,1.2072742249668082e-37,1.2072742249668082e-37,-85.00728332897069,-85.00728332897069,False,True,0,1,0,3,0,0,0,2,8,0,0,9
204,frame_204_layer_6,6,ambiguity_116,WORLD_STATIC,WORLD_STATIC,retained_frozen_noise_observations_favor_static_model,23,8,8,8,7,1.5768792956496365e-16,1.5768792956496365e-16,-36.3859137233417,-36.3859137233417,True,False,0,4,0,0,0,2,0,0,8,1,0,8
204,frame_204_layer_10,10,ambiguity_116,UNKNOWN,UNKNOWN,tangent_or_repeated_plane_without_trusted_finite_physical_edge,23,0,0,16,0,1.8117373170848275e-75,0.5,-172.09959574593782,0.0,True,False,0,0,3,1,0,0,0,2,16,0,0,1
204,frame_204_layer_12,12,ambiguity_116,UNKNOWN,UNKNOWN,tangent_or_repeated_plane_without_trusted_finite_physical_edge,23,3,3,17,3,2.3523157223591708e-105,2.789959216403617e-05,-240.9160345076503,-10.486870587038911,True,False,1,3,0,0,2,0,0,0,14,0,0,3
204,frame_204_layer_28,28,ambiguity_116,WORLD_STATIC,WORLD_STATIC,retained_frozen_noise_observations_favor_static_model,23,11,11,0,8,3.105728084132079e-32,3.105728084132079e-32,-72.54947480026877,-72.54947480026877,True,True,0,4,0,0,0,2,0,0,0,2,0,15
205,frame_205_layer_0,0,ambiguity_116,UNKNOWN,UNKNOWN,tangent_or_repeated_plane_without_trusted_finite_physical_edge,23,1,1,16,6,0.008510617556703605,0.008510617556703605,-4.757893731015256,-4.757893731015256,True,False,0,4,0,0,0,2,0,0,16,0,0,1
205,frame_205_layer_3,3,ambiguity_116,WORLD_STATIC,WORLD_STATIC,retained_frozen_noise_observations_favor_static_model,23,14,14,8,1,1.0534405047462369e-39,1.0534405047462369e-39,-89.7487571480005,-89.7487571480005,False,True,0,1,0,3,0,0,0,2,8,0,0,9
205,frame_205_layer_6,6,ambiguity_116,WORLD_STATIC,WORLD_STATIC,retained_frozen_noise_observations_favor_static_model,23,8,8,8,6,2.6367846875211067e-17,2.6367846875211067e-17,-38.17438632740308,-38.17438632740308,True,False,0,4,0,0,0,2,0,0,8,0,0,9
205,frame_205_layer_10,10,ambiguity_116,UNKNOWN,UNKNOWN,tangent_or_repeated_plane_without_trusted_finite_physical_edge,23,0,0,16,4,8.532531300774946e-82,0.5,-186.66809155530194,0.0,True,False,0,2,2,0,0,2,0,0,16,0,0,1
205,frame_205_layer_28,28,ambiguity_116,WORLD_STATIC,WORLD_STATIC,retained_frozen_noise_observations_favor_static_model,23,11,11,0,7,2.8901992853636787e-33,2.8901992853636787e-33,-74.92398261218334,-74.92398261218334,True,True,0,4,0,0,0,2,0,0,0,1,0,16
206,frame_206_layer_0,0,ambiguity_116,UNKNOWN,UNKNOWN,insufficient_retained_one_model_compatible_observations,23,1,1,16,6,0.005933514043808461,0.005933514043808461,-5.12118746671181,-5.12118746671181,True,True,0,1,0,0,0,4,0,0,16,1,0,1
206,frame_206_layer_3,3,ambiguity_116,WORLD_STATIC,WORLD_STATIC,retained_frozen_noise_observations_favor_static_model,23,13,13,9,1,7.81090437492927e-43,4.9425834188822696e-42,-96.95563824455033,-95.11068575195773,False,True,0,1,0,0,0,0,0,4,9,0,0,9
206,frame_206_layer_6,6,ambiguity_116,WORLD_STATIC,WORLD_STATIC,retained_frozen_noise_observations_favor_static_model,23,7,7,9,6,1.5606917597456393e-15,1.5606917597456393e-15,-34.093647236203424,-34.093647236203424,True,False,0,1,0,0,0,4,0,0,9,1,0,8
206,frame_206_layer_10,10,ambiguity_116,UNKNOWN,UNKNOWN,tangent_or_repeated_plane_without_trusted_finite_physical_edge,23,0,0,18,2,8.510217225913883e-73,0.5,-165.9474443203465,0.0,True,False,0,0,1,0,1,2,1,0,17,0,0,1
206,frame_206_layer_28,28,ambiguity_116,WORLD_STATIC,WORLD_STATIC,retained_frozen_noise_observations_favor_static_model,23,12,12,0,7,7.428455995142371e-36,7.428455995142371e-36,-80.88774531749571,-80.88774531749571,True,False,0,1,0,0,0,4,0,0,0,2,0,16
207,frame_207_layer_0,0,ambiguity_116,UNKNOWN,UNKNOWN,tangent_or_repeated_plane_without_trusted_finite_physical_edge,0,0,0,0,0,0.5,0.5,0.0,0.0,True,False,0,0,0,0,0,0,0,0,0,0,0,0
207,frame_207_layer_3,3,ambiguity_116,UNKNOWN,UNKNOWN,insufficient_retained_one_model_compatible_observations,0,0,0,0,0,0.5,0.5,0.0,0.0,False,True,0,0,0,0,0,0,0,0,0,0,0,0
207,frame_207_layer_6,6,ambiguity_116,UNKNOWN,UNKNOWN,tangent_or_repeated_plane_without_trusted_finite_physical_edge,0,0,0,0,0,0.5,0.5,0.0,0.0,True,False,0,0,0,0,0,0,0,0,0,0,0,0
207,frame_207_layer_10,10,ambiguity_116,UNKNOWN,UNKNOWN,tangent_or_repeated_plane_without_trusted_finite_physical_edge,0,0,0,0,0,0.5,0.5,0.0,0.0,True,False,0,0,0,0,0,0,0,0,0,0,0,0
207,frame_207_layer_28,28,ambiguity_116,UNKNOWN,UNKNOWN,insufficient_retained_one_model_compatible_observations,0,0,0,0,0,0.5,0.5,0.0,0.0,True,True,0,0,0,0,0,0,0,0,0,0,0,0
208,frame_208_layer_0,0,ambiguity_116,UNKNOWN,UNKNOWN,tangent_or_repeated_plane_without_trusted_finite_physical_edge,0,0,0,0,0,0.5,0.5,0.0,0.0,True,False,0,0,0,0,0,0,0,0,0,0,0,0
208,frame_208_layer_3,3,ambiguity_116,UNKNOWN,UNKNOWN,insufficient_retained_one_model_compatible_observations,0,0,0,0,0,0.5,0.5,0.0,0.0,False,True,0,0,0,0,0,0,0,0,0,0,0,0
208,frame_208_layer_6,6,ambiguity_116,UNKNOWN,UNKNOWN,tangent_or_repeated_plane_without_trusted_finite_physical_edge,0,0,0,0,0,0.5,0.5,0.0,0.0,True,False,0,0,0,0,0,0,0,0,0,0,0,0
208,frame_208_layer_10,10,ambiguity_116,UNKNOWN,UNKNOWN,tangent_or_repeated_plane_without_trusted_finite_physical_edge,0,0,0,0,0,0.5,0.5,0.0,0.0,True,False,0,0,0,0,0,0,0,0,0,0,0,0
208,frame_208_layer_28,28,ambiguity_116,UNKNOWN,UNKNOWN,insufficient_retained_one_model_compatible_observations,0,0,0,0,0,0.5,0.5,0.0,0.0,True,True,0,0,0,0,0,0,0,0,0,0,0,0
209,frame_209_layer_0,0,ambiguity_116,UNKNOWN,UNKNOWN,insufficient_retained_one_model_compatible_observations,0,0,0,0,0,0.5,0.5,0.0,0.0,True,True,0,0,0,0,0,0,0,0,0,0,0,0
209,frame_209_layer_3,3,ambiguity_116,UNKNOWN,UNKNOWN,insufficient_retained_one_model_compatible_observations,0,0,0,0,0,0.5,0.5,0.0,0.0,False,True,0,0,0,0,0,0,0,0,0,0,0,0
209,frame_209_layer_6,6,ambiguity_116,UNKNOWN,UNKNOWN,tangent_or_repeated_plane_without_trusted_finite_physical_edge,0,0,0,0,0,0.5,0.5,0.0,0.0,True,False,0,0,0,0,0,0,0,0,0,0,0,0
209,frame_209_layer_10,10,ambiguity_116,UNKNOWN,UNKNOWN,tangent_or_repeated_plane_without_trusted_finite_physical_edge,0,0,0,0,0,0.5,0.5,0.0,0.0,True,False,0,0,0,0,0,0,0,0,0,0,0,0
209,frame_209_layer_28,28,ambiguity_116,UNKNOWN,UNKNOWN,insufficient_retained_one_model_compatible_observations,0,0,0,0,0,0.5,0.5,0.0,0.0,True,True,0,0,0,0,0,0,0,0,0,0,0,0
210,frame_210_layer_0,0,ambiguity_116,UNKNOWN,UNKNOWN,insufficient_retained_one_model_compatible_observations,0,0,0,0,0,0.5,0.5,0.0,0.0,True,True,0,0,0,0,0,0,0,0,0,0,0,0
210,frame_210_layer_3,3,ambiguity_116,UNKNOWN,UNKNOWN,insufficient_retained_one_model_compatible_observations,0,0,0,0,0,0.5,0.5,0.0,0.0,False,True,0,0,0,0,0,0,0,0,0,0,0,0
210,frame_210_layer_6,6,ambiguity_116,UNKNOWN,UNKNOWN,tangent_or_repeated_plane_without_trusted_finite_physical_edge,0,0,0,0,0,0.5,0.5,0.0,0.0,True,False,0,0,0,0,0,0,0,0,0,0,0,0
210,frame_210_layer_10,10,ambiguity_116,UNKNOWN,UNKNOWN,tangent_or_repeated_plane_without_trusted_finite_physical_edge,0,0,0,0,0,0.5,0.5,0.0,0.0,True,False,0,0,0,0,0,0,0,0,0,0,0,0
210,frame_210_layer_28,28,ambiguity_116,UNKNOWN,UNKNOWN,insufficient_retained_one_model_compatible_observations,0,0,0,0,0,0.5,0.5,0.0,0.0,True,True,0,0,0,0,0,0,0,0,0,0,0,0
211,frame_211_layer_0,0,ambiguity_116,UNKNOWN,UNKNOWN,insufficient_retained_one_model_compatible_observations,0,0,0,0,0,0.5,0.5,0.0,0.0,True,True,0,0,0,0,0,0,0,0,0,0,0,0
211,frame_211_layer_3,3,ambiguity_116,UNKNOWN,UNKNOWN,insufficient_retained_one_model_compatible_observations,0,0,0,0,0,0.5,0.5,0.0,0.0,False,True,0,0,0,0,0,0,0,0,0,0,0,0
211,frame_211_layer_6,6,ambiguity_116,UNKNOWN,UNKNOWN,tangent_or_repeated_plane_without_trusted_finite_physical_edge,0,0,0,0,0,0.5,0.5,0.0,0.0,True,False,0,0,0,0,0,0,0,0,0,0,0,0
211,frame_211_layer_10,10,ambiguity_116,UNKNOWN,UNKNOWN,tangent_or_repeated_plane_without_trusted_finite_physical_edge,0,0,0,0,0,0.5,0.5,0.0,0.0,True,False,0,0,0,0,0,0,0,0,0,0,0,0
211,frame_211_layer_28,28,ambiguity_116,UNKNOWN,UNKNOWN,insufficient_retained_one_model_compatible_observations,0,0,0,0,0,0.5,0.5,0.0,0.0,True,True,0,0,0,0,0,0,0,0,0,0,0,0
212,frame_212_layer_0,0,ambiguity_116,UNKNOWN,UNKNOWN,tangent_or_repeated_plane_without_trusted_finite_physical_edge,0,0,0,0,0,0.5,0.5,0.0,0.0,True,False,0,0,0,0,0,0,0,0,0,0,0,0
212,frame_212_layer_3,3,ambiguity_116,UNKNOWN,UNKNOWN,insufficient_retained_one_model_compatible_observations,0,0,0,0,0,0.5,0.5,0.0,0.0,False,True,0,0,0,0,0,0,0,0,0,0,0,0
212,frame_212_layer_6,6,ambiguity_116,UNKNOWN,UNKNOWN,tangent_or_repeated_plane_without_trusted_finite_physical_edge,0,0,0,0,0,0.5,0.5,0.0,0.0,True,False,0,0,0,0,0,0,0,0,0,0,0,0
212,frame_212_layer_10,10,ambiguity_116,UNKNOWN,UNKNOWN,tangent_or_repeated_plane_without_trusted_finite_physical_edge,0,0,0,0,0,0.5,0.5,0.0,0.0,True,False,0,0,0,0,0,0,0,0,0,0,0,0
212,frame_212_layer_28,28,ambiguity_116,UNKNOWN,UNKNOWN,insufficient_retained_one_model_compatible_observations,0,0,0,0,0,0.5,0.5,0.0,0.0,True,True,0,0,0,0,0,0,0,0,0,0,0,0
213,frame_213_layer_0,0,ambiguity_116,UNKNOWN,UNKNOWN,insufficient_retained_one_model_compatible_observations,0,0,0,0,0,0.5,0.5,0.0,0.0,True,True,0,0,0,0,0,0,0,0,0,0,0,0
213,frame_213_layer_6,6,ambiguity_116,UNKNOWN,UNKNOWN,tangent_or_repeated_plane_without_trusted_finite_physical_edge,0,0,0,0,0,0.5,0.5,0.0,0.0,True,False,0,0,0,0,0,0,0,0,0,0,0,0
213,frame_213_layer_10,10,ambiguity_116,UNKNOWN,UNKNOWN,tangent_or_repeated_plane_without_trusted_finite_physical_edge,0,0,0,0,0,0.5,0.5,0.0,0.0,True,False,0,0,0,0,0,0,0,0,0,0,0,0
213,frame_213_layer_28,28,ambiguity_116,UNKNOWN,UNKNOWN,insufficient_retained_one_model_compatible_observations,0,0,0,0,0,0.5,0.5,0.0,0.0,True,True,0,0,0,0,0,0,0,0,0,0,0,0
