adduser	3.118ubuntu5	all
adwaita-icon-theme	41.0-1ubuntu1	all
alsa-topology-conf	1.2.5.1-2	all
alsa-ucm-conf	1.2.6.3-1ubuntu1.12	all
apt	2.4.10	amd64
at-spi2-core	2.44.0-3	amd64
base-files	12ubuntu4.4	amd64
base-passwd	3.5.52build1	amd64
bash	5.1-6ubuntu1.1	amd64
binutils	2.38-4ubuntu2.3	amd64
binutils-common:amd64	2.38-4ubuntu2.3	amd64
binutils-x86-64-linux-gnu	2.38-4ubuntu2.3	amd64
brz	3.2.1+bzr7585-1build1	all
bsdutils	1:2.37.2-4ubuntu3	amd64
build-essential	12.9ubuntu3	amd64
bzip2	1.0.8-5build1	amd64
bzr	2.7.0+bzr6622+brz	all
ca-certificates	20240203~22.04.1	all
catch2	2.13.8-1	amd64
cmake	3.22.1-1ubuntu1.22.04.2	amd64
cmake-data	3.22.1-1ubuntu1.22.04.2	all
coreutils	8.32-4.1ubuntu1	amd64
cpp	4:11.2.0-1ubuntu1	amd64
cpp-11	11.4.0-1ubuntu1~22.04	amd64
cppcheck	2.7-1	amd64
cuda-cccl-11-8	11.8.89-1	amd64
cuda-command-line-tools-11-8	11.8.0-1	amd64
cuda-compat-11-8	520.61.05-1	amd64
cuda-compiler-11-8	11.8.0-1	amd64
cuda-cudart-11-8	11.8.89-1	amd64
cuda-cudart-dev-11-8	11.8.89-1	amd64
cuda-cuobjdump-11-8	11.8.86-1	amd64
cuda-cupti-11-8	11.8.87-1	amd64
cuda-cupti-dev-11-8	11.8.87-1	amd64
cuda-cuxxfilt-11-8	11.8.86-1	amd64
cuda-driver-dev-11-8	11.8.89-1	amd64
cuda-gdb-11-8	11.8.86-1	amd64
cuda-keyring	1.0-1	all
cuda-libraries-11-8	11.8.0-1	amd64
cuda-libraries-dev-11-8	11.8.0-1	amd64
cuda-memcheck-11-8	11.8.86-1	amd64
cuda-minimal-build-11-8	11.8.0-1	amd64
cuda-nsight-compute-11-8	11.8.0-1	amd64
cuda-nvcc-11-8	11.8.89-1	amd64
cuda-nvdisasm-11-8	11.8.86-1	amd64
cuda-nvml-dev-11-8	11.8.86-1	amd64
cuda-nvprof-11-8	11.8.87-1	amd64
cuda-nvprune-11-8	11.8.86-1	amd64
cuda-nvrtc-11-8	11.8.89-1	amd64
cuda-nvrtc-dev-11-8	11.8.89-1	amd64
cuda-nvtx-11-8	11.8.86-1	amd64
cuda-profiler-api-11-8	11.8.86-1	amd64
cuda-sanitizer-11-8	11.8.86-1	amd64
cuda-toolkit-11-8-config-common	11.8.89-1	all
cuda-toolkit-11-config-common	11.8.89-1	all
cuda-toolkit-config-common	12.3.52-1	all
curl	7.81.0-1ubuntu1.24	amd64
dash	0.5.11+git20210903+057cd650a4ed-3build1	amd64
dbus	1.12.20-2ubuntu4.1	amd64
dbus-user-session	1.12.20-2ubuntu4.1	amd64
dconf-gsettings-backend:amd64	0.40.0-3ubuntu0.1	amd64
dconf-service	0.40.0-3ubuntu0.1	amd64
debconf	1.5.79ubuntu1	all
debianutils	5.5-1ubuntu2	amd64
dh-elpa-helper	2.0.9ubuntu1	all
diffutils	1:3.8-0ubuntu2	amd64
dirmngr	2.2.27-3ubuntu2.5	amd64
distro-info-data	0.52ubuntu0.12	all
dmsetup	2:1.02.175-2.1ubuntu5	amd64
docutils-common	0.17.1+dfsg-2	all
dpkg	1.21.1ubuntu2.2	amd64
dpkg-dev	1.21.1ubuntu2.2	all
e2fsprogs	1.46.5-2ubuntu1.1	amd64
emacsen-common	3.0.4	all
ffmpeg	7:4.4.2-0ubuntu0.22.04.1	amd64
file	1:5.41-3ubuntu0.1	amd64
findutils	4.8.0-1ubuntu3	amd64
fontconfig	2.13.1-4.2ubuntu5	amd64
fontconfig-config	2.13.1-4.2ubuntu5	all
fonts-dejavu-core	2.37-2build1	all
fonts-liberation	1:1.07.4-11	all
g++	4:11.2.0-1ubuntu1	amd64
g++-11	11.4.0-1ubuntu1~22.04	amd64
gcc	4:11.2.0-1ubuntu1	amd64
gcc-11	11.4.0-1ubuntu1~22.04	amd64
gcc-11-base:amd64	11.4.0-1ubuntu1~22.04	amd64
gcc-12-base:amd64	12.3.0-1ubuntu1~22.04.3	amd64
gir1.2-glib-2.0:amd64	1.72.0-1	amd64
gir1.2-packagekitglib-1.0	1.2.5-2ubuntu3.1	amd64
git	1:2.34.1-1ubuntu1.17	amd64
git-lfs	3.0.2-1ubuntu0.3	amd64
git-man	1:2.34.1-1ubuntu1.17	all
gnupg	2.2.27-3ubuntu2.5	all
gnupg-l10n	2.2.27-3ubuntu2.5	all
gnupg-utils	2.2.27-3ubuntu2.5	amd64
gnupg2	2.2.27-3ubuntu2.1	all
google-mock:amd64	1.11.0-3	amd64
googletest	1.11.0-3	all
gpg	2.2.27-3ubuntu2.5	amd64
gpg-agent	2.2.27-3ubuntu2.5	amd64
gpg-wks-client	2.2.27-3ubuntu2.5	amd64
gpg-wks-server	2.2.27-3ubuntu2.5	amd64
gpgconf	2.2.27-3ubuntu2.5	amd64
gpgsm	2.2.27-3ubuntu2.5	amd64
gpgv	2.2.27-3ubuntu2.5	amd64
graphviz	2.42.2-6ubuntu0.1	amd64
grep	3.7-1build1	amd64
gsettings-desktop-schemas	42.0-1ubuntu1	all
gtk-update-icon-cache	3.24.33-1ubuntu2.2	amd64
gzip	1.10-4ubuntu4.1	amd64
hicolor-icon-theme	0.17-2	all
hostname	3.23ubuntu2	amd64
humanity-icon-theme	0.6.16	all
i965-va-driver:amd64	2.4.1+dfsg1-1	amd64
init-system-helpers	1.62	all
intel-media-va-driver:amd64	22.3.1+dfsg1-1ubuntu2	amd64
iproute2	5.15.0-1ubuntu2.1	amd64
iso-codes	4.9.0-1	all
javascript-common	11+nmu1	all
less	590-1ubuntu0.22.04.3	amd64
libaacs0:amd64	0.11.1-1	amd64
libacl1:amd64	2.3.1-1	amd64
libann0	1.1.2+doc-7build1	amd64
libaom3:amd64	3.3.0-1ubuntu0.1	amd64
libapparmor1:amd64	3.0.4-2ubuntu2.5	amd64
libappstream4:amd64	0.15.2-2	amd64
libapr1:amd64	1.7.0-8ubuntu0.22.04.2	amd64
libaprutil1:amd64	1.6.1-5ubuntu4.22.04.2	amd64
libapt-pkg6.0:amd64	2.4.10	amd64
libarchive13:amd64	3.6.0-1ubuntu1.6	amd64
libargon2-1:amd64	0~20171227-0.3	amd64
libasan6:amd64	11.4.0-1ubuntu1~22.04	amd64
libasound2:amd64	1.2.6.1-1ubuntu1.1	amd64
libasound2-data	1.2.6.1-1ubuntu1.1	all
libass9:amd64	1:0.15.2-1	amd64
libassuan0:amd64	2.5.5-1build1	amd64
libasyncns0:amd64	0.8-6build2	amd64
libatk-bridge2.0-0:amd64	2.38.0-3	amd64
libatk1.0-0:amd64	2.36.0-3build1	amd64
libatk1.0-data	2.36.0-3build1	all
libatm1:amd64	1:2.5.1-4build2	amd64
libatomic1:amd64	12.3.0-1ubuntu1~22.04.3	amd64
libatspi2.0-0:amd64	2.44.0-3	amd64
libattr1:amd64	1:2.5.1-1build1	amd64
libaudit-common	1:3.0.7-1build1	all
libaudit1:amd64	1:3.0.7-1build1	amd64
libavahi-client3:amd64	0.8-5ubuntu5.5	amd64
libavahi-common-data:amd64	0.8-5ubuntu5.5	amd64
libavahi-common3:amd64	0.8-5ubuntu5.5	amd64
libavc1394-0:amd64	0.5.4-5build2	amd64
libavcodec58:amd64	7:4.4.2-0ubuntu0.22.04.1	amd64
libavdevice58:amd64	7:4.4.2-0ubuntu0.22.04.1	amd64
libavfilter7:amd64	7:4.4.2-0ubuntu0.22.04.1	amd64
libavformat58:amd64	7:4.4.2-0ubuntu0.22.04.1	amd64
libavutil56:amd64	7:4.4.2-0ubuntu0.22.04.1	amd64
libbdplus0:amd64	0.2.0-1	amd64
libbinutils:amd64	2.38-4ubuntu2.3	amd64
libblas3:amd64	3.10.0-2ubuntu1	amd64
libblkid1:amd64	2.37.2-4ubuntu3	amd64
libbluray2:amd64	1:1.3.1-1	amd64
libbpf0:amd64	1:0.5.0-1ubuntu22.04.1	amd64
libbrotli1:amd64	1.0.9-2build6	amd64
libbs2b0:amd64	3.1.0+dfsg-2.2build1	amd64
libbsd0:amd64	0.11.5-1	amd64
libbullet-dev:amd64	3.06+dfsg-4build2	amd64
libbullet3.06:amd64	3.06+dfsg-4build2	amd64
libbz2-1.0:amd64	1.0.8-5build1	amd64
libc-bin	2.35-0ubuntu3.4	amd64
libc-dev-bin	2.35-0ubuntu3.4	amd64
libc6:amd64	2.35-0ubuntu3.4	amd64
libc6-dev:amd64	2.35-0ubuntu3.4	amd64
libcaca0:amd64	0.99.beta19-2.2ubuntu4.1	amd64
libcairo-gobject2:amd64	1.16.0-5ubuntu2.1	amd64
libcairo2:amd64	1.16.0-5ubuntu2.1	amd64
libcap-ng0:amd64	0.7.9-2.2build3	amd64
libcap2:amd64	1:2.44-1ubuntu0.22.04.1	amd64
libcap2-bin	1:2.44-1ubuntu0.22.04.3	amd64
libcbor0.8:amd64	0.8.0-2ubuntu1	amd64
libcc1-0:amd64	12.3.0-1ubuntu1~22.04.3	amd64
libcdio-cdda2:amd64	10.2+2.0.0-1build3	amd64
libcdio-paranoia2:amd64	10.2+2.0.0-1build3	amd64
libcdio19:amd64	2.1.0-3ubuntu0.2	amd64
libcdt5:amd64	2.42.2-6ubuntu0.1	amd64
libcgraph6:amd64	2.42.2-6ubuntu0.1	amd64
libchromaprint1:amd64	1.5.1-2	amd64
libcodec2-1.0:amd64	1.0.1-3	amd64
libcolord2:amd64	1.4.6-1	amd64
libcom-err2:amd64	1.46.5-2ubuntu1.1	amd64
libconsole-bridge-dev:amd64	1.0.1+dfsg2-3	amd64
libconsole-bridge1.0:amd64	1.0.1+dfsg2-3	amd64
libcrypt-dev:amd64	1:4.4.27-1	amd64
libcrypt1:amd64	1:4.4.27-1	amd64
libcryptsetup12:amd64	2:2.4.3-1ubuntu1.3	amd64
libctf-nobfd0:amd64	2.38-4ubuntu2.3	amd64
libctf0:amd64	2.38-4ubuntu2.3	amd64
libcublas-11-8	11.11.3.6-1	amd64
libcublas-dev-11-8	11.11.3.6-1	amd64
libcudnn8	8.9.6.50-1+cuda11.8	amd64
libcudnn8-dev	8.9.6.50-1+cuda11.8	amd64
libcufft-11-8	10.9.0.58-1	amd64
libcufft-dev-11-8	10.9.0.58-1	amd64
libcufile-11-8	1.4.0.31-1	amd64
libcufile-dev-11-8	1.4.0.31-1	amd64
libcups2:amd64	2.4.1op1-1ubuntu4.16	amd64
libcurand-11-8	10.3.0.86-1	amd64
libcurand-dev-11-8	10.3.0.86-1	amd64
libcurl3-gnutls:amd64	7.81.0-1ubuntu1.24	amd64
libcurl4:amd64	7.81.0-1ubuntu1.24	amd64
libcusolver-11-8	11.4.1.48-1	amd64
libcusolver-dev-11-8	11.4.1.48-1	amd64
libcusparse-11-8	11.7.5.86-1	amd64
libcusparse-dev-11-8	11.7.5.86-1	amd64
libdatrie1:amd64	0.2.13-2	amd64
libdav1d5:amd64	0.9.2-1	amd64
libdb5.3:amd64	5.3.28+dfsg1-0.8ubuntu3	amd64
libdbus-1-3:amd64	1.12.20-2ubuntu4.1	amd64
libdc1394-25:amd64	2.2.6-4	amd64
libdconf1:amd64	0.40.0-3ubuntu0.1	amd64
libdebconfclient0:amd64	0.261ubuntu1	amd64
libdecor-0-0:amd64	0.1.0-3build1	amd64
libdecor-0-plugin-1-cairo:amd64	0.1.0-3build1	amd64
libdeflate0:amd64	1.10-2	amd64
libdevmapper1.02.1:amd64	2:1.02.175-2.1ubuntu5	amd64
libdpkg-perl	1.21.1ubuntu2.2	all
libdrm-amdgpu1:amd64	2.4.113-2~ubuntu0.22.04.1	amd64
libdrm-common	2.4.113-2~ubuntu0.22.04.1	all
libdrm-intel1:amd64	2.4.113-2~ubuntu0.22.04.1	amd64
libdrm-nouveau2:amd64	2.4.113-2~ubuntu0.22.04.1	amd64
libdrm-radeon1:amd64	2.4.113-2~ubuntu0.22.04.1	amd64
libdrm2:amd64	2.4.113-2~ubuntu0.22.04.1	amd64
libdw1:amd64	0.186-1ubuntu0.1	amd64
libedit2:amd64	3.1-20210910-1build1	amd64
libegl-mesa0:amd64	23.2.1-1ubuntu3.1~22.04.3	amd64
libegl1:amd64	1.4.0-1	amd64
libeigen3-dev	3.4.0-2ubuntu2	all
libelf1:amd64	0.186-1ubuntu0.1	amd64
libepoxy0:amd64	1.5.10-1	amd64
liberror-perl	0.17029-1	all
libexpat1:amd64	2.4.7-1ubuntu0.7	amd64
libexpat1-dev:amd64	2.4.7-1ubuntu0.7	amd64
libext2fs2:amd64	1.46.5-2ubuntu1.1	amd64
libffi8:amd64	3.4.2-4	amd64
libfido2-1:amd64	1.10.0-1	amd64
libflac8:amd64	1.3.3-2ubuntu0.2	amd64
libflite1:amd64	2.2-3	amd64
libfmt-dev:amd64	8.1.1+ds1-2	amd64
libfmt8:amd64	8.1.1+ds1-2	amd64
libfontconfig1:amd64	2.13.1-4.2ubuntu5	amd64
libfreetype6:amd64	2.11.1+dfsg-1ubuntu0.3	amd64
libfribidi0:amd64	1.0.8-2ubuntu3.1	amd64
libgbm1:amd64	23.2.1-1ubuntu3.1~22.04.3	amd64
libgcc-11-dev:amd64	11.4.0-1ubuntu1~22.04	amd64
libgcc-s1:amd64	12.3.0-1ubuntu1~22.04.3	amd64
libgcrypt20:amd64	1.9.4-3ubuntu3	amd64
libgd3:amd64	2.3.0-2ubuntu2.3	amd64
libgdbm-compat4:amd64	1.23-1	amd64
libgdbm6:amd64	1.23-1	amd64
libgdk-pixbuf-2.0-0:amd64	2.42.8+dfsg-1ubuntu0.5	amd64
libgdk-pixbuf2.0-bin	2.42.8+dfsg-1ubuntu0.5	amd64
libgdk-pixbuf2.0-common	2.42.8+dfsg-1ubuntu0.5	all
libgfortran5:amd64	12.3.0-1ubuntu1~22.04.3	amd64
libgirepository-1.0-1:amd64	1.72.0-1	amd64
libgl1:amd64	1.4.0-1	amd64
libgl1-amber-dri:amd64	21.3.9-0ubuntu1~22.04.1	amd64
libgl1-mesa-dri:amd64	23.2.1-1ubuntu3.1~22.04.3	amd64
libglapi-mesa:amd64	23.2.1-1ubuntu3.1~22.04.3	amd64
libglib2.0-0:amd64	2.72.4-0ubuntu2.9	amd64
libglib2.0-bin	2.72.4-0ubuntu2.9	amd64
libglib2.0-data	2.72.4-0ubuntu2.9	all
libglvnd0:amd64	1.4.0-1	amd64
libglx-mesa0:amd64	23.2.1-1ubuntu3.1~22.04.3	amd64
libglx0:amd64	1.4.0-1	amd64
libgme0:amd64	0.6.3-2	amd64
libgmp10:amd64	2:6.2.1+dfsg-3ubuntu1	amd64
libgnutls30:amd64	3.7.3-4ubuntu1.2	amd64
libgomp1:amd64	12.3.0-1ubuntu1~22.04.3	amd64
libgpg-error0:amd64	1.43-3	amd64
libgpgme11:amd64	1.16.0-1.2ubuntu4.2	amd64
libgraphite2-3:amd64	1.3.14-1build2	amd64
libgsm1:amd64	1.0.19-1	amd64
libgssapi-krb5-2:amd64	1.19.2-2ubuntu0.2	amd64
libgstreamer1.0-0:amd64	1.20.3-0ubuntu1.1	amd64
libgtest-dev:amd64	1.11.0-3	amd64
libgtk-3-0:amd64	3.24.33-1ubuntu2.2	amd64
libgtk-3-bin	3.24.33-1ubuntu2.2	amd64
libgtk-3-common	3.24.33-1ubuntu2.2	all
libgts-0.7-5:amd64	0.7.6+darcs121130-5	amd64
libgts-bin	0.7.6+darcs121130-5	amd64
libgvc6	2.42.2-6ubuntu0.1	amd64
libgvpr2:amd64	2.42.2-6ubuntu0.1	amd64
libharfbuzz0b:amd64	2.7.4-1ubuntu3.2	amd64
libhogweed6:amd64	3.7.3-1build2	amd64
libice6:amd64	2:1.0.10-1build2	amd64
libicu70:amd64	70.1-2	amd64
libidn2-0:amd64	2.3.2-2build1	amd64
libiec61883-0:amd64	1.2.0-4build3	amd64
libigdgmm12:amd64	22.1.2+ds1-1	amd64
libimagequant0:amd64	2.17.0-1	amd64
libip4tc2:amd64	1.8.7-1ubuntu5.2	amd64
libisl23:amd64	0.24-2build1	amd64
libitm1:amd64	12.3.0-1ubuntu1~22.04.3	amd64
libjack-jackd2-0:amd64	1.9.20~dfsg-1	amd64
libjbig0:amd64	2.1-3.1ubuntu0.22.04.1	amd64
libjpeg-turbo8:amd64	2.1.2-0ubuntu1	amd64
libjpeg8:amd64	8c-2ubuntu10	amd64
libjs-jquery	3.6.0+dfsg+~3.5.13-1	all
libjs-jquery-hotkeys	0~20130707+git2d51e3a9+dfsg-2ubuntu1	all
libjs-jquery-isonscreen	1.2.0-1.1	all
libjs-jquery-metadata	12-3	all
libjs-jquery-tablesorter	1:2.31.3+dfsg1-3	all
libjs-jquery-throttle-debounce	1.1+dfsg.1-2	all
libjs-sphinxdoc	4.3.2-1	all
libjs-underscore	1.13.2~dfsg-2	all
libjson-c5:amd64	0.15-3~ubuntu1.22.04.2	amd64
libjsoncpp25:amd64	1.9.5-3	amd64
libk5crypto3:amd64	1.19.2-2ubuntu0.2	amd64
libkeyutils1:amd64	1.6.1-2ubuntu3	amd64
libkmod2:amd64	29-1ubuntu1.1	amd64
libkrb5-3:amd64	1.19.2-2ubuntu0.2	amd64
libkrb5support0:amd64	1.19.2-2ubuntu0.2	amd64
libksba8:amd64	1.6.0-2ubuntu0.2	amd64
liblab-gamut1:amd64	2.42.2-6ubuntu0.1	amd64
liblapack3:amd64	3.10.0-2ubuntu1	amd64
liblcms2-2:amd64	2.12~rc1-2ubuntu0.1	amd64
libldap-2.5-0:amd64	2.5.16+dfsg-0ubuntu0.22.04.1	amd64
liblilv-0-0:amd64	0.24.12-2	amd64
libllvm15:amd64	1:15.0.7-0ubuntu0.22.04.3	amd64
liblsan0:amd64	12.3.0-1ubuntu1~22.04.3	amd64
libltdl7:amd64	2.4.6-15build2	amd64
liblz4-1:amd64	1.9.3-2build2	amd64
liblzma5:amd64	5.2.5-2ubuntu1	amd64
libmagic-mgc	1:5.41-3ubuntu0.1	amd64
libmagic1:amd64	1:5.41-3ubuntu0.1	amd64
libmd0:amd64	1.0.4-1build1	amd64
libmfx1:amd64	22.3.0-1	amd64
libmnl0:amd64	1.0.4-3build2	amd64
libmount1:amd64	2.37.2-4ubuntu3	amd64
libmp3lame0:amd64	3.100-3build2	amd64
libmpc3:amd64	1.2.1-2build1	amd64
libmpdec3:amd64	2.5.1-2build2	amd64
libmpfr6:amd64	4.1.0-3build3	amd64
libmpg123-0:amd64	1.29.3-1ubuntu0.1	amd64
libmysofa1:amd64	1.2.1~dfsg0-1	amd64
libnccl-dev	2.15.5-1+cuda11.8	amd64
libnccl2	2.15.5-1+cuda11.8	amd64
libncurses6:amd64	6.3-2ubuntu0.1	amd64
libncursesw6:amd64	6.3-2ubuntu0.1	amd64
libnettle8:amd64	3.7.3-1build2	amd64
libnghttp2-14:amd64	1.43.0-1ubuntu0.3	amd64
libnorm1:amd64	1.5.9+dfsg-2	amd64
libnpp-11-8	11.8.0.86-1	amd64
libnpp-dev-11-8	11.8.0.86-1	amd64
libnpth0:amd64	1.6-3build2	amd64
libnsl-dev:amd64	1.3.0-2build2	amd64
libnsl2:amd64	1.3.0-2build2	amd64
libnss-systemd:amd64	249.11-0ubuntu3.20	amd64
libnuma1:amd64	2.0.14-3ubuntu2	amd64
libnvjpeg-11-8	11.9.0.86-1	amd64
libnvjpeg-dev-11-8	11.9.0.86-1	amd64
libogg0:amd64	1.3.5-0ubuntu3	amd64
libopenal-data	1:1.19.1-2build3	all
libopenal1:amd64	1:1.19.1-2build3	amd64
libopengl0:amd64	1.4.0-1	amd64
libopenjp2-7:amd64	2.4.0-6ubuntu0.5	amd64
libopenmpt0:amd64	0.6.1-1	amd64
libopus0:amd64	1.3.1-0.1build2	amd64
liborocos-kdl-dev:amd64	1.5.1-2build1	amd64
liborocos-kdl1.5:amd64	1.5.1-2build1	amd64
libp11-kit0:amd64	0.24.0-6build1	amd64
libpackagekit-glib2-18:amd64	1.2.5-2ubuntu3.1	amd64
libpam-cap:amd64	1:2.44-1ubuntu0.22.04.3	amd64
libpam-modules:amd64	1.4.0-11ubuntu2.3	amd64
libpam-modules-bin	1.4.0-11ubuntu2.3	amd64
libpam-runtime	1.4.0-11ubuntu2.3	all
libpam-systemd:amd64	249.11-0ubuntu3.20	amd64
libpam0g:amd64	1.4.0-11ubuntu2.3	amd64
libpango-1.0-0:amd64	1.50.6+ds-2ubuntu1	amd64
libpangocairo-1.0-0:amd64	1.50.6+ds-2ubuntu1	amd64
libpangoft2-1.0-0:amd64	1.50.6+ds-2ubuntu1	amd64
libpaper-utils	1.1.28build2	amd64
libpaper1:amd64	1.1.28build2	amd64
libpathplan4:amd64	2.42.2-6ubuntu0.1	amd64
libpciaccess0:amd64	0.16-3	amd64
libpcre2-8-0:amd64	10.39-3ubuntu0.1	amd64
libpcre3:amd64	2:8.39-13ubuntu0.22.04.1	amd64
libperl5.34:amd64	5.34.0-3ubuntu1.2	amd64
libpgm-5.3-0:amd64	5.3.128~dfsg-2	amd64
libpixman-1-0:amd64	0.40.0-1ubuntu0.22.04.1	amd64
libpng16-16:amd64	1.6.37-3ubuntu0.5	amd64
libpocketsphinx3:amd64	0.8.0+real5prealpha+1-14ubuntu1	amd64
libpolkit-agent-1-0:amd64	0.105-33ubuntu0.1	amd64
libpolkit-gobject-1-0:amd64	0.105-33ubuntu0.1	amd64
libpostproc55:amd64	7:4.4.2-0ubuntu0.22.04.1	amd64
libprocps8:amd64	2:3.3.17-6ubuntu2	amd64
libpsl5:amd64	0.21.0-1.2build2	amd64
libpulse0:amd64	1:15.99.1+dfsg1-1ubuntu2.2	amd64
libpython3-dev:amd64	3.10.6-1~22.04.1	amd64
libpython3-stdlib:amd64	3.10.6-1~22.04.1	amd64
libpython3.10:amd64	3.10.12-1~22.04.15	amd64
libpython3.10-dev:amd64	3.10.12-1~22.04.15	amd64
libpython3.10-minimal:amd64	3.10.12-1~22.04.15	amd64
libpython3.10-stdlib:amd64	3.10.12-1~22.04.15	amd64
libquadmath0:amd64	12.3.0-1ubuntu1~22.04.3	amd64
librabbitmq4:amd64	0.10.0-1ubuntu2	amd64
libraqm0:amd64	0.7.0-4ubuntu1	amd64
libraw1394-11:amd64	2.1.2-2build2	amd64
libreadline8:amd64	8.1.2-1	amd64
librhash0:amd64	1.4.2-1ubuntu1	amd64
librsvg2-2:amd64	2.52.5+dfsg-3ubuntu0.2	amd64
librsvg2-common:amd64	2.52.5+dfsg-3ubuntu0.2	amd64
librtmp1:amd64	2.4+20151223.gitfa8646d.1-2build4	amd64
librubberband2:amd64	2.0.0-2	amd64
libsamplerate0:amd64	0.2.2-1build1	amd64
libsasl2-2:amd64	2.1.27+dfsg2-3ubuntu1.2	amd64
libsasl2-modules-db:amd64	2.1.27+dfsg2-3ubuntu1.2	amd64
libsdl2-2.0-0:amd64	2.0.20+dfsg-2ubuntu1.22.04.1	amd64
libseccomp2:amd64	2.5.3-2ubuntu2	amd64
libselinux1:amd64	3.3-1build2	amd64
libsemanage-common	3.3-1build2	all
libsemanage2:amd64	3.3-1build2	amd64
libsensors-config	1:3.6.0-7ubuntu1	all
libsensors5:amd64	1:3.6.0-7ubuntu1	amd64
libsepol2:amd64	3.3-1build1	amd64
libserd-0-0:amd64	0.30.10-2	amd64
libserf-1-1:amd64	1.3.9-10ubuntu2	amd64
libshine3:amd64	3.1.1-2	amd64
libslang2:amd64	2.3.2-5build4	amd64
libsm6:amd64	2:1.2.3-1build2	amd64
libsmartcols1:amd64	2.37.2-4ubuntu3	amd64
libsnappy1v5:amd64	1.1.8-1build3	amd64
libsndfile1:amd64	1.0.31-2ubuntu0.2	amd64
libsndio7.0:amd64	1.8.1-1.1	amd64
libsodium23:amd64	1.0.18-1ubuntu0.22.04.1	amd64
libsord-0-0:amd64	0.16.8-2	amd64
libsoxr0:amd64	0.1.3-4build2	amd64
libspdlog-dev:amd64	1:1.9.2+ds-0.2	amd64
libspdlog1:amd64	1:1.9.2+ds-0.2	amd64
libspeex1:amd64	1.2~rc1.2-1.1ubuntu3	amd64
libsphinxbase3:amd64	0.8+5prealpha+1-13build1	amd64
libsqlite3-0:amd64	3.37.2-2ubuntu0.5	amd64
libsqlite3-dev:amd64	3.37.2-2ubuntu0.5	amd64
libsratom-0-0:amd64	0.6.8-1	amd64
libsrt1.4-gnutls:amd64	1.4.4-4	amd64
libss2:amd64	1.46.5-2ubuntu1.1	amd64
libssh-4:amd64	0.9.6-2ubuntu0.22.04.7	amd64
libssh-gcrypt-4:amd64	0.9.6-2ubuntu0.22.04.7	amd64
libssl-dev:amd64	3.0.2-0ubuntu1.23	amd64
libssl3:amd64	3.0.2-0ubuntu1.23	amd64
libstdc++-11-dev:amd64	11.4.0-1ubuntu1~22.04	amd64
libstdc++6:amd64	12.3.0-1ubuntu1~22.04.3	amd64
libstemmer0d:amd64	2.2.0-1build1	amd64
libsvn1:amd64	1.14.1-3ubuntu0.22.04.1	amd64
libswresample3:amd64	7:4.4.2-0ubuntu0.22.04.1	amd64
libswscale5:amd64	7:4.4.2-0ubuntu0.22.04.1	amd64
libsystemd0:amd64	249.11-0ubuntu3.20	amd64
libtasn1-6:amd64	4.18.0-4build1	amd64
libthai-data	0.1.29-1build1	all
libthai0:amd64	0.1.29-1build1	amd64
libtheora0:amd64	1.1.1+dfsg.1-15ubuntu4	amd64
libtiff5:amd64	4.3.0-6ubuntu0.13	amd64
libtinfo6:amd64	6.3-2ubuntu0.1	amd64
libtinyxml-dev:amd64	2.6.2-6ubuntu0.22.04.1	amd64
libtinyxml2-9:amd64	9.0.0+dfsg-3	amd64
libtinyxml2-dev:amd64	9.0.0+dfsg-3	amd64
libtinyxml2.6.2v5:amd64	2.6.2-6ubuntu0.22.04.1	amd64
libtirpc-common	1.3.2-2ubuntu0.1	all
libtirpc-dev:amd64	1.3.2-2ubuntu0.1	amd64
libtirpc3:amd64	1.3.2-2ubuntu0.1	amd64
libtsan0:amd64	11.4.0-1ubuntu1~22.04	amd64
libtwolame0:amd64	0.4.0-2build2	amd64
libubsan1:amd64	12.3.0-1ubuntu1~22.04.3	amd64
libudev1:amd64	249.11-0ubuntu3.10	amd64
libudfread0:amd64	1.1.2-1	amd64
libunistring2:amd64	1.0-1	amd64
libunwind8:amd64	1.3.2-2build2.1	amd64
libusb-1.0-0:amd64	2:1.0.25-1ubuntu2	amd64
libutf8proc2:amd64	2.7.0-3	amd64
libuuid1:amd64	2.37.2-4ubuntu3	amd64
libuv1:amd64	1.43.0-1ubuntu0.1	amd64
libva-drm2:amd64	2.14.0-1	amd64
libva-x11-2:amd64	2.14.0-1	amd64
libva2:amd64	2.14.0-1	amd64
libvdpau1:amd64	1.4-3build2	amd64
libvidstab1.1:amd64	1.1.0-2	amd64
libvorbis0a:amd64	1.3.7-1build2	amd64
libvorbisenc2:amd64	1.3.7-1build2	amd64
libvorbisfile3:amd64	1.3.7-1build2	amd64
libvpx7:amd64	1.11.0-2ubuntu2.5	amd64
libwayland-client0:amd64	1.20.0-1ubuntu0.1	amd64
libwayland-cursor0:amd64	1.20.0-1ubuntu0.1	amd64
libwayland-egl1:amd64	1.20.0-1ubuntu0.1	amd64
libwayland-server0:amd64	1.20.0-1ubuntu0.1	amd64
libwebp7:amd64	1.2.2-2ubuntu0.22.04.2	amd64
libwebpdemux2:amd64	1.2.2-2ubuntu0.22.04.2	amd64
libwebpmux3:amd64	1.2.2-2ubuntu0.22.04.2	amd64
libwrap0:amd64	7.6.q-31build2	amd64
libx11-6:amd64	2:1.7.5-1ubuntu0.3	amd64
libx11-data	2:1.7.5-1ubuntu0.3	all
libx11-xcb1:amd64	2:1.7.5-1ubuntu0.3	amd64
libx264-163:amd64	2:0.163.3060+git5db6aa6-2build1	amd64
libx265-199:amd64	3.5-2	amd64
libxau6:amd64	1:1.0.9-1build5	amd64
libxaw7:amd64	2:1.0.14-1	amd64
libxcb-dri2-0:amd64	1.14-3ubuntu3	amd64
libxcb-dri3-0:amd64	1.14-3ubuntu3	amd64
libxcb-glx0:amd64	1.14-3ubuntu3	amd64
libxcb-present0:amd64	1.14-3ubuntu3	amd64
libxcb-randr0:amd64	1.14-3ubuntu3	amd64
libxcb-render0:amd64	1.14-3ubuntu3	amd64
libxcb-shape0:amd64	1.14-3ubuntu3	amd64
libxcb-shm0:amd64	1.14-3ubuntu3	amd64
libxcb-sync1:amd64	1.14-3ubuntu3	amd64
libxcb-xfixes0:amd64	1.14-3ubuntu3	amd64
libxcb1:amd64	1.14-3ubuntu3	amd64
libxcomposite1:amd64	1:0.4.5-1build2	amd64
libxcursor1:amd64	1:1.2.0-2build4	amd64
libxdamage1:amd64	1:1.1.5-2build2	amd64
libxdmcp6:amd64	1:1.1.3-0ubuntu5	amd64
libxext6:amd64	2:1.3.4-1build1	amd64
libxfixes3:amd64	1:6.0.0-1	amd64
libxi6:amd64	2:1.8-1build1	amd64
libxinerama1:amd64	2:1.1.4-3	amd64
libxkbcommon0:amd64	1.4.0-1	amd64
libxml2:amd64	2.9.13+dfsg-1ubuntu0.11	amd64
libxml2-utils	2.9.13+dfsg-1ubuntu0.11	amd64
libxmlb2:amd64	0.3.6-2build1	amd64
libxmu6:amd64	2:1.1.3-3	amd64
libxmuu1:amd64	2:1.1.3-3	amd64
libxpm4:amd64	1:3.5.12-1ubuntu0.22.04.2	amd64
libxrandr2:amd64	2:1.5.2-1build1	amd64
libxrender1:amd64	1:0.9.10-1build4	amd64
libxshmfence1:amd64	1.3-1build4	amd64
libxslt1.1:amd64	1.1.34-4ubuntu0.22.04.5	amd64
libxss1:amd64	1:1.2.3-1build2	amd64
libxt6:amd64	1:1.2.1-1	amd64
libxtables12:amd64	1.8.7-1ubuntu5.2	amd64
libxtst6:amd64	2:1.2.3-1build4	amd64
libxv1:amd64	2:1.0.11-1build2	amd64
libxvidcore4:amd64	2:1.3.7-1	amd64
libxxf86vm1:amd64	1:1.1.4-1build3	amd64
libxxhash0:amd64	0.8.1-1	amd64
libyaml-0-2:amd64	0.2.2-1build2	amd64
libyaml-cpp-dev	0.7.0+dfsg-8build1	amd64
libyaml-cpp0.7:amd64	0.7.0+dfsg-8build1	amd64
libyaml-dev:amd64	0.2.2-1build2	amd64
libz3-4:amd64	4.8.12-1	amd64
libzimg2:amd64	3.0.3+ds1-1	amd64
libzmq5:amd64	4.3.4-2	amd64
libzstd-dev:amd64	1.4.8+dfsg-3build1	amd64
libzstd1:amd64	1.4.8+dfsg-3build1	amd64
libzvbi-common	0.2.35-19	all
libzvbi0:amd64	0.2.35-19	amd64
linux-libc-dev:amd64	5.15.0-88.98	amd64
locales	2.35-0ubuntu3.13	all
login	1:4.8.1-2ubuntu2.1	amd64
logsave	1.46.5-2ubuntu1.1	amd64
lsb-base	11.1.0ubuntu4	all
lsb-release	11.1.0ubuntu4	all
lto-disabled-list	24	all
mailcap	3.70+nmu1ubuntu1	all
make	4.3-4.1build1	amd64
mawk	1.3.4.20200120-3	amd64
media-types	7.0.0	all
mercurial	6.1.1-1ubuntu1	amd64
mercurial-common	6.1.1-1ubuntu1	all
mesa-va-drivers:amd64	23.2.1-1ubuntu3.1~22.04.3	amd64
mesa-vdpau-drivers:amd64	23.2.1-1ubuntu3.1~22.04.3	amd64
mime-support	3.66	all
mount	2.37.2-4ubuntu3	amd64
ncurses-base	6.3-2ubuntu0.1	all
ncurses-bin	6.3-2ubuntu0.1	amd64
ncurses-term	6.3-2ubuntu0.1	all
networkd-dispatcher	2.1-2ubuntu0.22.04.2	all
notification-daemon	3.20.0-4build1	amd64
nsight-compute-2022.3.0	2022.3.0.22-1	amd64
ocl-icd-libopencl1:amd64	2.2.14-3	amd64
openssh-client	1:8.9p1-3ubuntu0.15	amd64
openssh-server	1:8.9p1-3ubuntu0.15	amd64
openssh-sftp-server	1:8.9p1-3ubuntu0.15	amd64
openssl	3.0.2-0ubuntu1.12	amd64
packagekit	1.2.5-2ubuntu3.1	amd64
packagekit-tools	1.2.5-2ubuntu3.1	amd64
passwd	1:4.8.1-2ubuntu2.1	amd64
patch	2.7.6-7build2	amd64
perl	5.34.0-3ubuntu1.2	amd64
perl-base	5.34.0-3ubuntu1.2	amd64
perl-modules-5.34	5.34.0-3ubuntu1.2	all
pinentry-curses	1.1.1-1build2	amd64
pkexec	0.105-33ubuntu0.1	amd64
pkg-config	0.29.2-1ubuntu3	amd64
pocketsphinx-en-us	0.8.0+real5prealpha+1-14ubuntu1	all
policykit-1	0.105-33ubuntu0.1	amd64
polkitd	0.105-33ubuntu0.1	amd64
procps	2:3.3.17-6ubuntu2	amd64
publicsuffix	20211207.1025-1	all
pybind11-dev	2.9.1-2	all
pydocstyle	6.1.1-1	all
pyflakes3	2.4.0-2	all
python-apt-common	2.4.0ubuntu4.1	all
python3	3.10.6-1~22.04.1	amd64
python3-apt	2.4.0ubuntu4.1	amd64
python3-argcomplete	1.8.1-1.5	all
python3-attr	21.2.0-1ubuntu1	all
python3-blinker	1.4+dfsg1-0.4	all
python3-bloom	0.14.3+upstream-1	all
python3-breezy	3.2.1+bzr7585-1build1	amd64
python3-bs4	4.10.0-2	all
python3-catkin-pkg	1.1.0-101	all
python3-catkin-pkg-modules	1.1.0-2	all
python3-certifi	2020.6.20-1	all
python3-cffi-backend:amd64	1.15.0-1build2	amd64
python3-chardet	4.0.0-1	all
python3-colcon-argcomplete	0.3.3+upstream-1	all
python3-colcon-bash	0.5.0-100	all
python3-colcon-cd	0.2.1-100	all
python3-colcon-cmake	0.2.29-100	all
python3-colcon-common-extensions	0.3.0-100	all
python3-colcon-core	0.20.1+upstream-1	all
python3-colcon-defaults	0.2.9+upstream-1	all
python3-colcon-devtools	0.3.0-100	all
python3-colcon-installed-package-information	0.2.1-100	all
python3-colcon-library-path	0.2.1-100	all
python3-colcon-metadata	0.2.5-100	all
python3-colcon-mixin	0.2.3-100	all
python3-colcon-notification	0.3.1+upstream-1	all
python3-colcon-output	0.2.14+upstream-1	all
python3-colcon-override-check	0.0.1-100	all
python3-colcon-package-information	0.4.1+upstream-1	all
python3-colcon-package-selection	0.2.10-100	all
python3-colcon-parallel-executor	0.3.0-100	all
python3-colcon-pkg-config	0.1.0-100	all
python3-colcon-powershell	0.5.0+upstream-1	all
python3-colcon-python-setup-py	0.2.9-100	all
python3-colcon-recursive-crawl	0.2.3-100	all
python3-colcon-ros	0.5.0+upstream-1	all
python3-colcon-test-result	0.3.8-100	all
python3-colcon-zsh	0.5.0-100	all
python3-configobj	5.0.6-5ubuntu0.1	all
python3-cov-core	1.15.0-3build1	all
python3-coverage	6.2+dfsg1-2build1	amd64
python3-cryptography	3.4.8-1ubuntu2.4	amd64
python3-dateutil	2.8.1-6	all
python3-dbus	1.2.18-3build1	amd64
python3-deprecated	1.2.13-2	all
python3-dev	3.10.6-1~22.04.1	amd64
python3-distlib	0.3.4-1	all
python3-distro	1.7.0-1	all
python3-distro-info	1.1ubuntu0.2	all
python3-distutils	3.10.8-1~22.04	all
python3-docutils	0.17.1+dfsg-2	all
python3-dulwich	0.20.31-1.1build1	amd64
python3-empy	3.3.4-2	all
python3-fastbencode	0.0.5-1build1	amd64
python3-fastimport	0.9.14-2.1	all
python3-flake8	4.0.1-2	all
python3-gi	3.42.1-0ubuntu1	amd64
python3-github	1.55-1	all
python3-gitlab	1:2.10.1-2	all
python3-gpg	1.16.0-1.2ubuntu4.2	amd64
python3-html5lib	1.1-3	all
python3-httplib2	0.20.2-2	all
python3-idna	3.3-1ubuntu0.1	all
python3-importlib-metadata	4.6.4-1	all
python3-iniconfig	1.1.1-2	all
python3-jeepney	0.7.1-3	all
python3-jwt	2.3.0-1ubuntu0.3	all
python3-keyring	23.5.0-1	all
python3-lark	1.1.1-1	all
python3-launchpadlib	1.10.16-1	all
python3-lazr.restfulclient	0.14.4-1	all
python3-lazr.uri	1.0.6-2	all
python3-lib2to3	3.10.8-1~22.04	all
python3-lxml:amd64	4.8.0-1build1	amd64
python3-mccabe	0.6.1-3	all
python3-minimal	3.10.6-1~22.04.1	amd64
python3-more-itertools	8.10.0-2	all
python3-nacl	1.5.0-2	amd64
python3-netifaces:amd64	0.11.0-1build2	amd64
python3-nose2	0.9.2-1	all
python3-notify2	0.3-4	all
python3-numpy	1:1.21.5-1ubuntu22.04.1	amd64
python3-oauthlib	3.2.0-1ubuntu0.1	all
python3-olefile	0.46-3	all
python3-packaging	21.3-1	all
python3-patiencediff	0.2.1-1build3	amd64
python3-pil:amd64	9.0.1-1ubuntu0.3	amd64
python3-pkg-resources	59.6.0-1.2ubuntu0.22.04.3	all
python3-pluggy	0.13.0-7.1	all
python3-psutil	5.9.0-1build1	amd64
python3-py	1.10.0-1	all
python3-pycodestyle	2.8.0-2	all
python3-pydocstyle	6.1.1-1	all
python3-pyflakes	2.4.0-2	all
python3-pygments	2.11.2+dfsg-2ubuntu0.1	all
python3-pykdl:amd64	1.5.1-2build1	amd64
python3-pyparsing	2.4.7-1	all
python3-pytest	6.2.5-1ubuntu2	all
python3-pytest-cov	3.0.0-1	all
python3-requests	2.25.1+dfsg-2ubuntu0.3	all
python3-requests-toolbelt	0.9.1-1	all
python3-roman	3.3-1	all
python3-rosdep	0.26.0-1	all
python3-rosdep-modules	0.26.0-1	all
python3-rosdistro	1.0.1-100	all
python3-rosdistro-modules	1.0.1-1	all
python3-rospkg-modules	1.6.1-1	all
python3-secretstorage	3.3.1-1	all
python3-setuptools	59.6.0-1.2ubuntu0.22.04.3	all
python3-sip	4.19.25+dfsg-3build1	amd64
python3-six	1.16.0-3ubuntu1	all
python3-snowballstemmer	2.2.0-1build1	all
python3-software-properties	0.99.22.9	all
python3-soupsieve	2.3.1-1	all
python3-toml	0.10.2-1	all
python3-urllib3	1.26.5-1~exp1ubuntu0.6	all
python3-vcstool	0.3.0-1	all
python3-vcstools	0.1.42-4	all
python3-wadllib	1.3.6-1	all
python3-webencodings	0.5.1-4	all
python3-wrapt	1.13.3-1build1	amd64
python3-yaml	5.4.1-1ubuntu1	amd64
python3-zipp	1.0.0-3ubuntu0.1	all
python3.10	3.10.12-1~22.04.15	amd64
python3.10-dev	3.10.12-1~22.04.15	amd64
python3.10-minimal	3.10.12-1~22.04.15	amd64
readline-common	8.1.2-1	all
ros-build-essential	1.0.1	all
ros-dev-tools	1.0.1	all
ros-humble-action-msgs	1.2.2-1jammy.20260304.211639	amd64
ros-humble-actionlib-msgs	4.9.1-1jammy.20260304.213006	amd64
ros-humble-ament-cmake	1.3.14-1jammy.20260226.035055	amd64
ros-humble-ament-cmake-auto	1.3.14-1jammy.20260304.074922	amd64
ros-humble-ament-cmake-copyright	0.12.15-1jammy.20260304.195729	amd64
ros-humble-ament-cmake-core	1.3.14-1jammy.20260224.185609	amd64
ros-humble-ament-cmake-cppcheck	0.12.15-1jammy.20260304.195901	amd64
ros-humble-ament-cmake-cpplint	0.12.15-1jammy.20260304.195910	amd64
ros-humble-ament-cmake-export-definitions	1.3.14-1jammy.20260226.010509	amd64
ros-humble-ament-cmake-export-dependencies	1.3.14-1jammy.20260226.011144	amd64
ros-humble-ament-cmake-export-include-directories	1.3.14-1jammy.20260226.010305	amd64
ros-humble-ament-cmake-export-interfaces	1.3.14-1jammy.20260226.005715	amd64
ros-humble-ament-cmake-export-libraries	1.3.14-1jammy.20260226.004939	amd64
ros-humble-ament-cmake-export-link-flags	1.3.14-1jammy.20260226.010357	amd64
ros-humble-ament-cmake-export-targets	1.3.14-1jammy.20260226.005705	amd64
ros-humble-ament-cmake-flake8	0.12.15-1jammy.20260304.200009	amd64
ros-humble-ament-cmake-gen-version-h	1.3.14-1jammy.20260226.034234	amd64
ros-humble-ament-cmake-gmock	1.3.14-1jammy.20260226.034220	amd64
ros-humble-ament-cmake-gtest	1.3.14-1jammy.20260226.013944	amd64
ros-humble-ament-cmake-include-directories	1.3.14-1jammy.20260226.010650	amd64
ros-humble-ament-cmake-libraries	1.3.14-1jammy.20260226.010453	amd64
ros-humble-ament-cmake-lint-cmake	0.12.15-1jammy.20260304.195414	amd64
ros-humble-ament-cmake-pep257	0.12.15-1jammy.20260304.200058	amd64
ros-humble-ament-cmake-pytest	1.3.14-1jammy.20260226.014042	amd64
ros-humble-ament-cmake-python	1.3.14-1jammy.20260226.005145	amd64
ros-humble-ament-cmake-ros	0.10.0-3jammy.20260304.201222	amd64
ros-humble-ament-cmake-target-dependencies	1.3.14-1jammy.20260226.013622	amd64
ros-humble-ament-cmake-test	1.3.14-1jammy.20260226.013528	amd64
ros-humble-ament-cmake-uncrustify	0.12.15-1jammy.20260304.195907	amd64
ros-humble-ament-cmake-version	1.3.14-1jammy.20260226.010514	amd64
ros-humble-ament-cmake-xmllint	0.12.15-1jammy.20260304.200103	amd64
ros-humble-ament-copyright	0.12.15-1jammy.20260226.034848	amd64
ros-humble-ament-cppcheck	0.12.15-1jammy.20260226.010724	amd64
ros-humble-ament-cpplint	0.12.15-1jammy.20260304.090253	amd64
ros-humble-ament-flake8	0.12.15-1jammy.20260226.013519	amd64
ros-humble-ament-index-cpp	1.4.1-1jammy.20260304.201844	amd64
ros-humble-ament-index-python	1.4.1-1jammy.20260304.090250	amd64
ros-humble-ament-lint	0.12.15-1jammy.20260226.005140	amd64
ros-humble-ament-lint-auto	0.12.15-1jammy.20260226.014133	amd64
ros-humble-ament-lint-cmake	0.12.15-1jammy.20260304.090258	amd64
ros-humble-ament-lint-common	0.12.15-1jammy.20260304.201149	amd64
ros-humble-ament-package	0.14.2-1jammy.20260213.215617	amd64
ros-humble-ament-pep257	0.12.15-1jammy.20260226.014506	amd64
ros-humble-ament-uncrustify	0.12.15-1jammy.20260304.195710	amd64
ros-humble-ament-xmllint	0.12.15-1jammy.20260304.090301	amd64
ros-humble-builtin-interfaces	1.2.2-1jammy.20260304.211338	amd64
ros-humble-class-loader	2.2.0-3jammy.20260304.204543	amd64
ros-humble-common-interfaces	4.9.1-1jammy.20260304.220553	amd64
ros-humble-composition-interfaces	1.2.2-1jammy.20260304.212446	amd64
ros-humble-console-bridge-vendor	1.4.1-1jammy.20260304.202710	amd64
ros-humble-diagnostic-msgs	4.9.1-1jammy.20260304.214714	amd64
ros-humble-domain-coordinator	0.10.0-3jammy.20260304.090332	amd64
ros-humble-eigen3-cmake-module	0.1.1-4jammy.20260304.195907	amd64
ros-humble-fastcdr	1.0.29-1jammy.20260226.010952	amd64
ros-humble-fastrtps	2.6.11-1jammy.20260304.200925	amd64
ros-humble-fastrtps-cmake-module	2.2.4-1jammy.20260304.202011	amd64
ros-humble-foonathan-memory-vendor	1.2.0-3jammy.20260304.200554	amd64
ros-humble-geometry-msgs	4.9.1-1jammy.20260304.213757	amd64
ros-humble-geometry2	0.25.20-2jammy.20260326.002125	amd64
ros-humble-gmock-vendor	1.10.9006-1jammy.20260226.011659	amd64
ros-humble-gtest-vendor	1.10.9006-1jammy.20260226.011046	amd64
ros-humble-kdl-parser	2.6.4-1jammy.20260304.205337	amd64
ros-humble-keyboard-handler	0.0.5-1jammy.20260304.202120	amd64
ros-humble-launch	1.0.14-1jammy.20260304.195519	amd64
ros-humble-launch-ros	0.19.13-1jammy.20260310.165408	amd64
ros-humble-launch-testing	1.0.14-1jammy.20260304.200104	amd64
ros-humble-launch-testing-ament-cmake	1.0.14-1jammy.20260304.202633	amd64
ros-humble-launch-testing-ros	0.19.13-1jammy.20260310.171345	amd64
ros-humble-launch-xml	1.0.14-1jammy.20260304.195726	amd64
ros-humble-launch-yaml	1.0.14-1jammy.20260304.195728	amd64
ros-humble-libstatistics-collector	1.3.4-1jammy.20260304.214542	amd64
ros-humble-libyaml-vendor	1.2.2-2jammy.20260304.204644	amd64
ros-humble-lifecycle-msgs	1.2.2-1jammy.20260304.211354	amd64
ros-humble-message-filters	4.3.15-1jammy.20260325.222606	amd64
ros-humble-nav-msgs	4.9.1-1jammy.20260304.214816	amd64
ros-humble-orocos-kdl-vendor	0.2.5-1jammy.20260304.201339	amd64
ros-humble-osrf-pycommon	2.1.6-1jammy.20260226.011505	amd64
ros-humble-pluginlib	5.1.3-1jammy.20260304.204826	amd64
ros-humble-pybind11-vendor	2.4.2-1jammy.20260304.195023	amd64
ros-humble-python-cmake-module	0.10.0-2jammy.20260304.202554	amd64
ros-humble-python-orocos-kdl-vendor	0.2.5-1jammy.20260304.202632	amd64
ros-humble-rcl	5.3.12-1jammy.20260304.213336	amd64
ros-humble-rcl-action	5.3.12-1jammy.20260304.214545	amd64
ros-humble-rcl-interfaces	1.2.2-1jammy.20260304.212123	amd64
ros-humble-rcl-lifecycle	5.3.12-1jammy.20260304.214549	amd64
ros-humble-rcl-logging-interface	2.3.2-1jammy.20260304.204603	amd64
ros-humble-rcl-logging-spdlog	2.3.2-1jammy.20260304.204758	amd64
ros-humble-rcl-yaml-param-parser	5.3.12-1jammy.20260304.205000	amd64
ros-humble-rclcpp	16.0.19-1jammy.20260325.211007	amd64
ros-humble-rclcpp-action	16.0.19-1jammy.20260325.214934	amd64
ros-humble-rclcpp-components	16.0.19-1jammy.20260325.221939	amd64
ros-humble-rclcpp-lifecycle	16.0.19-1jammy.20260325.222022	amd64
ros-humble-rclpy	3.3.21-1jammy.20260310.163951	amd64
ros-humble-rcpputils	2.4.6-1jammy.20260304.204148	amd64
ros-humble-rcutils	5.1.8-1jammy.20260304.203555	amd64
ros-humble-rmw	6.1.2-1jammy.20260304.204455	amd64
ros-humble-rmw-dds-common	1.6.0-2jammy.20260304.211309	amd64
ros-humble-rmw-fastrtps-cpp	6.2.10-1jammy.20260304.212617	amd64
ros-humble-rmw-fastrtps-shared-cpp	6.2.10-1jammy.20260304.211712	amd64
ros-humble-rmw-implementation	2.8.5-1jammy.20260304.213028	amd64
ros-humble-rmw-implementation-cmake	6.1.2-1jammy.20260304.202612	amd64
ros-humble-robot-state-publisher	3.0.3-2jammy.20260325.225743	amd64
ros-humble-ros-base	0.10.0-1jammy.20260326.013101	amd64
ros-humble-ros-core	0.10.0-1jammy.20260326.002036	amd64
ros-humble-ros-environment	3.2.2-1jammy.20260226.005101	amd64
ros-humble-ros-workspace	1.0.2-2jammy.20260224.185744	amd64
ros-humble-ros2action	0.18.18-1jammy.20260310.171635	amd64
ros-humble-ros2bag	0.15.16-1jammy.20260326.012325	amd64
ros-humble-ros2cli	0.18.18-1jammy.20260310.165616	amd64
ros-humble-ros2cli-common-extensions	0.1.2-1jammy.20260326.001902	amd64
ros-humble-ros2component	0.18.18-1jammy.20260325.231957	amd64
ros-humble-ros2doctor	0.18.18-1jammy.20260310.171653	amd64
ros-humble-ros2interface	0.18.18-1jammy.20260310.171904	amd64
ros-humble-ros2launch	0.19.13-1jammy.20260310.172117	amd64
ros-humble-ros2lifecycle	0.18.18-1jammy.20260326.001536	amd64
ros-humble-ros2multicast	0.18.18-1jammy.20260310.172044	amd64
ros-humble-ros2node	0.18.18-1jammy.20260310.171656	amd64
ros-humble-ros2param	0.18.18-1jammy.20260310.172107	amd64
ros-humble-ros2pkg	0.18.18-1jammy.20260310.171912	amd64
ros-humble-ros2plugin	5.1.3-1jammy.20260310.172111	amd64
ros-humble-ros2run	0.18.18-1jammy.20260310.172139	amd64
ros-humble-ros2service	0.18.18-1jammy.20260310.171717	amd64
ros-humble-ros2topic	0.18.18-1jammy.20260310.171754	amd64
ros-humble-rosbag2	0.15.16-1jammy.20260326.012945	amd64
ros-humble-rosbag2-compression	0.15.16-1jammy.20260326.005038	amd64
ros-humble-rosbag2-compression-zstd	0.15.16-1jammy.20260326.005625	amd64
ros-humble-rosbag2-cpp	0.15.16-1jammy.20260326.002258	amd64
ros-humble-rosbag2-interfaces	0.15.16-1jammy.20260304.212227	amd64
ros-humble-rosbag2-py	0.15.16-1jammy.20260326.011757	amd64
ros-humble-rosbag2-storage	0.15.16-1jammy.20260326.001540	amd64
ros-humble-rosbag2-storage-default-plugins	0.15.16-1jammy.20260326.001949	amd64
ros-humble-rosbag2-transport	0.15.16-1jammy.20260326.005901	amd64
ros-humble-rosgraph-msgs	1.2.2-1jammy.20260304.212234	amd64
ros-humble-rosidl-adapter	3.1.8-1jammy.20260304.201231	amd64
ros-humble-rosidl-cli	3.1.8-1jammy.20260304.195449	amd64
ros-humble-rosidl-cmake	3.1.8-1jammy.20260304.202821	amd64
ros-humble-rosidl-default-generators	1.2.1-1jammy.20260304.210325	amd64
ros-humble-rosidl-default-runtime	1.2.1-1jammy.20260304.210145	amd64
ros-humble-rosidl-generator-c	3.1.8-1jammy.20260304.204455	amd64
ros-humble-rosidl-generator-cpp	3.1.8-1jammy.20260304.204902	amd64
ros-humble-rosidl-generator-py	0.14.6-1jammy.20260304.205753	amd64
ros-humble-rosidl-generator-rs	0.4.11-1jammy.20260304.204858	amd64
ros-humble-rosidl-parser	3.1.8-1jammy.20260304.202637	amd64
ros-humble-rosidl-runtime-c	3.1.8-1jammy.20260304.204205	amd64
ros-humble-rosidl-runtime-cpp	3.1.8-1jammy.20260304.204656	amd64
ros-humble-rosidl-runtime-py	0.9.3-1jammy.20260305.004241	amd64
ros-humble-rosidl-typesupport-c	2.0.2-1jammy.20260304.204636	amd64
ros-humble-rosidl-typesupport-cpp	2.0.2-1jammy.20260304.205041	amd64
ros-humble-rosidl-typesupport-fastrtps-c	2.2.4-1jammy.20260304.205703	amd64
ros-humble-rosidl-typesupport-fastrtps-cpp	2.2.4-1jammy.20260304.205234	amd64
ros-humble-rosidl-typesupport-interface	3.1.8-1jammy.20260304.202725	amd64
ros-humble-rosidl-typesupport-introspection-c	3.1.8-1jammy.20260304.204454	amd64
ros-humble-rosidl-typesupport-introspection-cpp	3.1.8-1jammy.20260304.204904	amd64
ros-humble-rpyutils	0.2.2-1jammy.20260304.195455	amd64
ros-humble-sensor-msgs	4.9.1-1jammy.20260304.214918	amd64
ros-humble-sensor-msgs-py	4.9.1-1jammy.20260305.005829	amd64
ros-humble-shape-msgs	4.9.1-1jammy.20260304.215030	amd64
ros-humble-shared-queues-vendor	0.15.16-1jammy.20260304.075306	amd64
ros-humble-spdlog-vendor	1.3.1-1jammy.20260304.202915	amd64
ros-humble-sqlite3-vendor	0.15.16-1jammy.20260304.195038	amd64
ros-humble-sros2	0.10.9-1jammy.20260310.172439	amd64
ros-humble-sros2-cmake	0.10.9-1jammy.20260310.173144	amd64
ros-humble-statistics-msgs	1.2.2-1jammy.20260304.212246	amd64
ros-humble-std-msgs	4.9.1-1jammy.20260304.212507	amd64
ros-humble-std-srvs	4.9.1-1jammy.20260304.210947	amd64
ros-humble-stereo-msgs	4.9.1-1jammy.20260304.220147	amd64
ros-humble-tf2	0.25.20-2jammy.20260325.210914	amd64
ros-humble-tf2-bullet	0.25.20-2jammy.20260325.233658	amd64
ros-humble-tf2-eigen	0.25.20-2jammy.20260325.224533	amd64
ros-humble-tf2-eigen-kdl	0.25.20-2jammy.20260325.211356	amd64
ros-humble-tf2-geometry-msgs	0.25.20-2jammy.20260325.233700	amd64
ros-humble-tf2-kdl	0.25.20-2jammy.20260325.233705	amd64
ros-humble-tf2-msgs	0.25.20-2jammy.20260325.211010	amd64
ros-humble-tf2-py	0.25.20-2jammy.20260325.211413	amd64
ros-humble-tf2-ros	0.25.20-2jammy.20260325.223305	amd64
ros-humble-tf2-ros-py	0.25.20-2jammy.20260325.211707	amd64
ros-humble-tf2-sensor-msgs	0.25.20-2jammy.20260325.224529	amd64
ros-humble-tf2-tools	0.25.20-2jammy.20260325.211909	amd64
ros-humble-tinyxml-vendor	0.8.3-2jammy.20260304.195406	amd64
ros-humble-tinyxml2-vendor	0.7.7-1jammy.20260304.195411	amd64
ros-humble-tracetools	4.1.2-1jammy.20260304.201640	amd64
ros-humble-trajectory-msgs	4.9.1-1jammy.20260304.215209	amd64
ros-humble-uncrustify-vendor	2.0.2-2jammy.20260304.195304	amd64
ros-humble-unique-identifier-msgs	2.2.1-3jammy.20260304.210949	amd64
ros-humble-urdf	2.6.1-1jammy.20260304.205131	amd64
ros-humble-urdf-parser-plugin	2.6.1-1jammy.20260304.201738	amd64
ros-humble-urdfdom	3.0.2-2jammy.20260304.202852	amd64
ros-humble-urdfdom-headers	1.0.6-2jammy.20260226.012553	amd64
ros-humble-visualization-msgs	4.9.1-1jammy.20260304.220204	amd64
ros-humble-yaml-cpp-vendor	8.0.2-1jammy.20260304.195332	amd64
ros-humble-zstd-vendor	0.15.16-1jammy.20260304.195400	amd64
ros2-apt-source	1.2.0~jammy	all
rpcsvc-proto	1.4.2-0ubuntu6	amd64
sed	4.8-1ubuntu2	amd64
sensible-utils	0.0.17	all
session-migration	0.3.6	amd64
sgml-base	1.30	all
shared-mime-info	2.1-2	amd64
software-properties-common	0.99.22.9	all
ssh-import-id	5.11-0ubuntu1	all
subversion	1.14.1-3ubuntu0.22.04.1	amd64
sudo	1.9.9-1ubuntu2.6	amd64
systemd	249.11-0ubuntu3.20	amd64
systemd-sysv	249.11-0ubuntu3.20	amd64
systemd-timesyncd	249.11-0ubuntu3.20	amd64
sysvinit-utils	3.01-1ubuntu1	amd64
tar	1.34+dfsg-1ubuntu0.1.22.04.1	amd64
tzdata	2026a-0ubuntu0.22.04.1	all
ubuntu-keyring	2021.03.26	all
ubuntu-mono	20.10-0ubuntu2	all
ucf	3.0043	all
unattended-upgrades	2.8ubuntu1	all
uncrustify	0.72.0+dfsg1-2	amd64
usrmerge	25ubuntu2	all
util-linux	2.37.2-4ubuntu3	amd64
va-driver-all:amd64	2.14.0-1	amd64
vdpau-driver-all:amd64	1.4-3build2	amd64
wget	1.21.2-2ubuntu1.1	amd64
x11-common	1:7.7+23ubuntu2	all
xauth	1:1.1-1build2	amd64
xdg-user-dirs	0.17-2ubuntu4	amd64
xkb-data	2.33-1	all
xml-core	0.18+nmu1	all
xz-utils	5.2.5-2ubuntu1	amd64
zlib1g:amd64	1:1.2.11.dfsg-2ubuntu9.2	amd64
zlib1g-dev:amd64	1:1.2.11.dfsg-2ubuntu9.2	amd64
