original_frame_id,proposal_id,source_layer,control_group,decision,formal_ownership_label,decision_reason,multi_baseline_observation_count,accepted_observation_count,short_count,medium_count,long_count,informative_observation_count,posterior_moving,aggregate_log_evidence_moving_over_static,static_residual_vs_discriminative_slope,moving_residual_vs_discriminative_slope,tangent_motion,trusted_finite_physical_edge,causal_static_positive,expected_label
195,frame_195_layer_25,25,drawer_front,MOVING_LINK,MOVING_LINK,frozen_noise_multi_baseline_likelihood_favors_drawer_model,23,23,0,2,21,23,1.0,2141.3040010864734,5.247592046006468,-0.00012683880932693017,False,True,False,MOVING_LINK
196,frame_196_layer_25,25,drawer_front,MOVING_LINK,MOVING_LINK,frozen_noise_multi_baseline_likelihood_favors_drawer_model,23,23,0,3,20,23,1.0,2236.007721757982,4.661684582180756,0.0013752119283271433,False,True,False,MOVING_LINK
197,frame_197_layer_25,25,drawer_front,MOVING_LINK,MOVING_LINK,frozen_noise_multi_baseline_likelihood_favors_drawer_model,23,20,0,5,15,20,1.0,1758.4080908977103,5.126594484809189,-0.0010481944040797236,False,True,False,MOVING_LINK
198,frame_198_layer_25,25,drawer_front,MOVING_LINK,MOVING_LINK,frozen_noise_multi_baseline_likelihood_favors_drawer_model,24,19,1,7,11,19,1.0,1536.2654166175066,5.422430482682409,0.01074687844380154,False,False,False,MOVING_LINK
202,frame_202_layer_2,2,active_comoving_box,UNKNOWN,UNKNOWN,both_models_incompatible_with_frozen_plateau_noise,21,18,2,3,13,18,7.632975997851271e-89,-202.8975954681823,0.6000235236930711,1.4179966751642221,False,True,False,MOVING_LINK
203,frame_203_layer_2,2,active_comoving_box,UNKNOWN,UNKNOWN,both_models_incompatible_with_frozen_plateau_noise,21,18,3,1,14,17,8.847870942227726e-91,-207.35506660387998,0.5582722465059812,1.3899291205955584,False,True,False,MOVING_LINK
204,frame_204_layer_2,2,active_comoving_box,UNKNOWN,UNKNOWN,both_models_incompatible_with_frozen_plateau_noise,23,20,4,2,14,20,4.485095458453544e-82,-187.31121784629136,0.5552861694818176,1.384989377368232,False,True,False,MOVING_LINK
205,frame_205_layer_2,2,active_comoving_box,UNKNOWN,UNKNOWN,both_models_incompatible_with_frozen_plateau_noise,23,22,4,2,16,22,8.118086133694532e-77,-175.2049577319699,0.5296102864544504,1.379503950697293,False,True,False,MOVING_LINK
206,frame_206_layer_2,2,active_comoving_box,UNKNOWN,UNKNOWN,both_models_incompatible_with_frozen_plateau_noise,23,23,1,4,18,23,4.7938262634826984e-85,-194.15240400954667,0.45948773550042193,1.3811875550084085,False,True,False,MOVING_LINK
188,frame_188_layer_0,0,documented_floor_false_positive,WORLD_STATIC,WORLD_STATIC,frozen_noise_multi_baseline_likelihood_favors_static_model,24,18,1,3,14,12,5.6492649886010715e-30,-67.34602734363861,0.013436527693017012,1.2046535525709523,True,False,False,NOT_MOVING_LINK
189,frame_189_layer_0,0,documented_floor_false_positive,WORLD_STATIC,WORLD_STATIC,frozen_noise_multi_baseline_likelihood_favors_static_model,23,14,0,3,11,10,2.0183865378025097e-24,-54.55974378327179,0.020126369281635734,1.0772099719623263,True,True,False,NOT_MOVING_LINK
189,frame_189_layer_6,6,documented_floor_false_positive,UNKNOWN,UNKNOWN,tangent_or_repeated_plane_without_trusted_finite_physical_edge,23,23,0,3,20,16,1.0,826.1897753801056,77.65448456196481,1.5163652404554109,True,False,False,NOT_MOVING_LINK
190,frame_190_layer_6,6,documented_floor_false_positive,UNKNOWN,UNKNOWN,tangent_or_repeated_plane_without_trusted_finite_physical_edge,23,23,0,3,20,17,1.0,699.7562589628963,91.51514846952031,1.6315492765355468,True,False,False,NOT_MOVING_LINK
191,frame_191_layer_6,6,documented_floor_false_positive,UNKNOWN,UNKNOWN,tangent_or_repeated_plane_without_trusted_finite_physical_edge,23,23,0,2,21,17,1.0,592.9361041096153,112.73576081154191,1.5999934655826225,True,False,False,NOT_MOVING_LINK
192,frame_192_layer_6,6,documented_floor_false_positive,UNKNOWN,UNKNOWN,tangent_or_repeated_plane_without_trusted_finite_physical_edge,23,23,0,2,21,17,1.0,442.1824790818207,105.40063185900044,1.7330590821917315,True,False,False,NOT_MOVING_LINK
193,frame_193_layer_6,6,documented_floor_false_positive,UNKNOWN,UNKNOWN,tangent_or_repeated_plane_without_trusted_finite_physical_edge,23,23,0,2,21,17,1.0,302.93712617908614,23.911286185115053,1.5555382512799063,True,False,False,NOT_MOVING_LINK
194,frame_194_layer_6,6,documented_floor_false_positive,UNKNOWN,UNKNOWN,tangent_or_repeated_plane_without_trusted_finite_physical_edge,23,20,0,2,18,14,1.0,193.9439299867205,0.02044691631781116,1.6433683943809831,True,False,False,NOT_MOVING_LINK
195,frame_195_layer_6,6,documented_floor_false_positive,UNKNOWN,UNKNOWN,tangent_or_repeated_plane_without_trusted_finite_physical_edge,23,19,0,2,17,13,1.0,70.01350197185695,-0.046979884717387704,1.7863596394527708,True,False,False,NOT_MOVING_LINK
196,frame_196_layer_6,6,documented_floor_false_positive,UNKNOWN,UNKNOWN,tangent_or_repeated_plane_without_trusted_finite_physical_edge,23,18,0,3,15,9,0.022652038252587655,-3.764592904950958,0.010982946731719843,1.7149726087080137,True,False,False,NOT_MOVING_LINK
197,frame_197_layer_6,6,documented_floor_false_positive,WORLD_STATIC,WORLD_STATIC,frozen_noise_multi_baseline_likelihood_favors_static_model,23,17,0,5,12,6,7.478726351693227e-13,-27.9215437052715,0.0037606613539835436,1.5415191417398786,True,False,False,NOT_MOVING_LINK
198,frame_198_layer_6,6,documented_floor_false_positive,WORLD_STATIC,WORLD_STATIC,frozen_noise_multi_baseline_likelihood_favors_static_model,24,18,1,7,10,7,2.6635361130517713e-15,-33.559121789132554,-0.03139205486903032,1.6579905110476383,True,False,False,NOT_MOVING_LINK
199,frame_199_layer_6,6,documented_floor_false_positive,WORLD_STATIC,WORLD_STATIC,frozen_noise_multi_baseline_likelihood_favors_static_model,23,16,3,5,8,7,4.307118219480733e-15,-33.078507340996055,0.009633959419587768,1.8053402576937652,True,False,False,NOT_MOVING_LINK
200,frame_200_layer_6,6,documented_floor_false_positive,WORLD_STATIC,WORLD_STATIC,frozen_noise_multi_baseline_likelihood_favors_static_model,22,14,3,3,8,7,2.296595454667931e-14,-31.404763512715668,0.03381581112529101,1.7886210332690708,True,False,False,NOT_MOVING_LINK
201,frame_201_layer_6,6,documented_floor_false_positive,WORLD_STATIC,WORLD_STATIC,frozen_noise_multi_baseline_likelihood_favors_static_model,22,15,3,3,9,8,7.26274350449322e-18,-39.46377402325888,0.019685858817740497,1.751681040787571,True,False,False,NOT_MOVING_LINK
202,frame_202_layer_6,6,documented_floor_false_positive,WORLD_STATIC,WORLD_STATIC,frozen_noise_multi_baseline_likelihood_favors_static_model,21,14,2,3,9,8,1.1082558941525767e-17,-39.04115906783761,0.09351442727901978,1.7572092004590183,True,False,False,NOT_MOVING_LINK
203,frame_203_layer_6,6,documented_floor_false_positive,WORLD_STATIC,WORLD_STATIC,frozen_noise_multi_baseline_likelihood_favors_static_model,21,13,3,1,9,7,3.775441958482343e-15,-33.21025894396779,0.03643231570850605,1.75847306675883,True,False,False,NOT_MOVING_LINK
204,frame_204_layer_6,6,documented_floor_false_positive,WORLD_STATIC,WORLD_STATIC,frozen_noise_multi_baseline_likelihood_favors_static_model,23,15,4,2,9,8,1.5768792956496365e-16,-36.3859137233417,0.013202920289754758,1.728100347090179,True,False,False,NOT_MOVING_LINK
205,frame_205_layer_6,6,documented_floor_false_positive,WORLD_STATIC,WORLD_STATIC,frozen_noise_multi_baseline_likelihood_favors_static_model,23,15,4,2,9,8,2.6367846875211067e-17,-38.17438632740308,0.03717756563305957,1.8104007347155815,True,False,False,NOT_MOVING_LINK
206,frame_206_layer_6,6,documented_floor_false_positive,WORLD_STATIC,WORLD_STATIC,frozen_noise_multi_baseline_likelihood_favors_static_model,23,14,1,4,9,7,1.5606917597456393e-15,-34.093647236203424,0.09529506978573778,1.9132336407985868,True,False,False,NOT_MOVING_LINK
207,frame_207_layer_6,6,documented_floor_false_positive,UNKNOWN,UNKNOWN,tangent_or_repeated_plane_without_trusted_finite_physical_edge,0,0,0,0,0,0,0.5,0.0,,,True,False,False,NOT_MOVING_LINK
211,frame_211_layer_2,2,plateau_only,UNKNOWN,UNKNOWN,plateau_only_comparisons_cannot_create_ownership,0,0,0,0,0,0,0.5,0.0,,,False,True,False,UNKNOWN
213,frame_213_layer_2,2,plateau_only,UNKNOWN,UNKNOWN,plateau_only_comparisons_cannot_create_ownership,0,0,0,0,0,0,0.5,0.0,,,False,True,False,UNKNOWN
195,frame_195_layer_3,3,provisional_world_static,WORLD_STATIC,WORLD_STATIC,frozen_noise_multi_baseline_likelihood_favors_static_model,23,13,0,2,11,13,2.0568525679461085e-99,-227.2347472716452,0.00024125014347743318,2.1962558430618233,False,True,False,WORLD_STATIC_OR_UNKNOWN
196,frame_196_layer_3,3,provisional_world_static,WORLD_STATIC,WORLD_STATIC,frozen_noise_multi_baseline_likelihood_favors_static_model,23,14,0,3,11,14,4.335221823832566e-91,-208.06847068310054,0.007589756499849629,0.5444922033667757,False,True,False,WORLD_STATIC_OR_UNKNOWN
197,frame_197_layer_3,3,provisional_world_static,UNKNOWN,UNKNOWN,likelihood_or_residual_trend_not_consistent_enough,23,15,0,5,10,15,4.646326358986417e-76,-173.46039019051213,0.006831568493700522,-0.3710266461408061,False,True,False,WORLD_STATIC_OR_UNKNOWN
