coherent_drawer_contradiction,coherent_static_contradiction,continuity_advantage_static_minus_drawer,cues_used,drawer_attachment_score,drawer_continuity_median,drawer_contradiction_run,drawer_switch_count,drawer_switch_fraction,experiment_set,experimental_identity_preference,original_frame_id,proposal_id,q_m,region_directory,source_layer,static_continuity_median,static_contradiction_run,static_disocclusion_score,static_switch_count,static_switch_fraction,strong_drawer_attachment,strong_static_disocclusion
True,False,0.07762664484523263,"{""drawer"": [""drawer_attachment""], ""static"": [""opposite_drawer_contradiction_run""]}",0.5161290322580645,0.5099827320396553,10,0,0.0,ambiguity,unresolved,187,frame_187_layer_0,0.05919969964910532,/workspace_whz_worktrees/funrec-assignment-v3_outputs/geometry_interior_v4/surface_identity_visibility_audit_001/ambiguity_regions/000_frame_187_layer_0,0,0.5876093768848879,0,0.3877664387285151,1,0.03333333333333333,True,False
False,False,0.05504107372604261,"{""drawer"": [""drawer_attachment""], ""static"": []}",0.5161290322580645,0.5394467954732586,4,0,0.0,ambiguity,unresolved,188,frame_188_layer_0,0.07293716335462896,/workspace_whz_worktrees/funrec-assignment-v3_outputs/geometry_interior_v4/surface_identity_visibility_audit_001/ambiguity_regions/001_frame_188_layer_0,0,0.5944878691993012,0,0.3333333333333333,0,0.0,True,False
False,False,0.10604881408057243,"{""drawer"": [""drawer_attachment""], ""static"": []}",0.5161290322580645,0.5372778260710431,0,0,0.0,ambiguity,unresolved,189,frame_189_layer_0,0.08973465676920167,/workspace_whz_worktrees/funrec-assignment-v3_outputs/geometry_interior_v4/surface_identity_visibility_audit_001/ambiguity_regions/002_frame_189_layer_0,0,0.6433266401516156,0,0.3741581623797196,1,0.03333333333333333,True,False
False,False,-0.17964520714128507,"{""drawer"": [""surface_continuity_advantage"", ""drawer_attachment""], ""static"": []}",0.9354838709677419,0.7005878801676888,5,0,0.0,ambiguity,drawer_preferred,189,frame_189_layer_6,0.08973465676920167,/workspace_whz_worktrees/funrec-assignment-v3_outputs/geometry_interior_v4/surface_identity_visibility_audit_001/ambiguity_regions/003_frame_189_layer_6,6,0.5209426730264037,0,0.33601010101010104,1,0.03333333333333333,True,False
False,False,0.14611881597016918,"{""drawer"": [""drawer_attachment""], ""static"": [""surface_continuity_advantage""]}",0.53125,0.5195092565649349,0,0,0.0,ambiguity,unresolved,190,frame_190_layer_0,0.10665393781713517,/workspace_whz_worktrees/funrec-assignment-v3_outputs/geometry_interior_v4/surface_identity_visibility_audit_001/ambiguity_regions/004_frame_190_layer_0,0,0.665628072535104,0,0.3333333333333333,0,0.0,True,False
False,False,-0.1838358341080909,"{""drawer"": [""surface_continuity_advantage"", ""drawer_attachment""], ""static"": []}",0.84375,0.7274262319792394,0,0,0.0,ambiguity,drawer_preferred,190,frame_190_layer_6,0.10665393781713517,/workspace_whz_worktrees/funrec-assignment-v3_outputs/geometry_interior_v4/surface_identity_visibility_audit_001/ambiguity_regions/005_frame_190_layer_6,6,0.5435903978711485,0,0.3333333333333333,1,0.03225806451612903,True,False
False,False,-0.001366113979611172,"{""drawer"": [""drawer_attachment""], ""static"": []}",0.90625,0.6050624202742193,0,0,0.0,ambiguity,unresolved,191,frame_191_layer_0,0.12346363394546822,/workspace_whz_worktrees/funrec-assignment-v3_outputs/geometry_interior_v4/surface_identity_visibility_audit_001/ambiguity_regions/006_frame_191_layer_0,0,0.6036963062946081,0,0.3560277356133801,1,0.03225806451612903,True,False
False,False,-0.18672952393177322,"{""drawer"": [""surface_continuity_advantage"", ""drawer_attachment""], ""static"": []}",0.875,0.7352871686035385,0,0,0.0,ambiguity,drawer_preferred,191,frame_191_layer_6,0.12346363394546822,/workspace_whz_worktrees/funrec-assignment-v3_outputs/geometry_interior_v4/surface_identity_visibility_audit_001/ambiguity_regions/007_frame_191_layer_6,6,0.5485576446717653,0,0.3333333333333333,1,0.03225806451612903,True,False
False,False,0.13031212535671766,"{""drawer"": [""drawer_attachment""], ""static"": [""surface_continuity_advantage""]}",0.8125,0.5569414273537008,0,0,0.0,ambiguity,unresolved,192,frame_192_layer_0,0.14041430579681058,/workspace_whz_worktrees/funrec-assignment-v3_outputs/geometry_interior_v4/surface_identity_visibility_audit_001/ambiguity_regions/008_frame_192_layer_0,0,0.6872535527104184,0,0.34954362067622385,1,0.03225806451612903,True,False
False,False,-0.18828957145792935,"{""drawer"": [""surface_continuity_advantage"", ""drawer_attachment""], ""static"": []}",1.0,0.7347942370944116,0,0,0.0,ambiguity,drawer_preferred,192,frame_192_layer_6,0.14041430579681058,/workspace_whz_worktrees/funrec-assignment-v3_outputs/geometry_interior_v4/surface_identity_visibility_audit_001/ambiguity_regions/009_frame_192_layer_6,6,0.5465046656364823,0,0.3333333333333333,1,0.03225806451612903,True,False
False,False,0.15101644867617137,"{""drawer"": [""drawer_attachment""], ""static"": [""surface_continuity_advantage""]}",0.9375,0.572310140815067,0,0,0.0,ambiguity,unresolved,193,frame_193_layer_0,0.1583840011236365,/workspace_whz_worktrees/funrec-assignment-v3_outputs/geometry_interior_v4/surface_identity_visibility_audit_001/ambiguity_regions/010_frame_193_layer_0,0,0.7233265894912384,0,0.3333333333333333,0,0.0,True,False
False,False,-0.1505571291996708,"{""drawer"": [""surface_continuity_advantage"", ""drawer_attachment""], ""static"": []}",1.0,0.7118109210063137,0,0,0.0,ambiguity,drawer_preferred,193,frame_193_layer_6,0.1583840011236365,/workspace_whz_worktrees/funrec-assignment-v3_outputs/geometry_interior_v4/surface_identity_visibility_audit_001/ambiguity_regions/011_frame_193_layer_6,6,0.5612537918066429,0,0.3333333333333333,1,0.03225806451612903,True,False
False,False,-0.28328326622665123,"{""drawer"": [""surface_continuity_advantage"", ""drawer_attachment""], ""static"": [""explained_static_disocclusion""]}",0.59375,0.8153991638076138,0,0,0.0,ambiguity,drawer_preferred,193,frame_193_layer_11,0.1583840011236365,/workspace_whz_worktrees/funrec-assignment-v3_outputs/geometry_interior_v4/surface_identity_visibility_audit_001/ambiguity_regions/012_frame_193_layer_11,11,0.5321158975809626,0,0.9433173061401442,0,0.0,True,True
False,False,0.20932842521779904,"{""drawer"": [""drawer_attachment""], ""static"": [""surface_continuity_advantage""]}",0.875,0.5134908558624821,0,0,0.0,ambiguity,unresolved,194,frame_194_layer_0,0.17589940581780827,/workspace_whz_worktrees/funrec-assignment-v3_outputs/geometry_interior_v4/surface_identity_visibility_audit_001/ambiguity_regions/013_frame_194_layer_0,0,0.7228192810802812,0,0.3365753908019114,1,0.03225806451612903,True,False
False,False,-0.15077796229342721,"{""drawer"": [""surface_continuity_advantage"", ""drawer_attachment""], ""static"": []}",0.96875,0.744397538578839,0,0,0.0,ambiguity,drawer_preferred,194,frame_194_layer_6,0.17589940581780827,/workspace_whz_worktrees/funrec-assignment-v3_outputs/geometry_interior_v4/surface_identity_visibility_audit_001/ambiguity_regions/014_frame_194_layer_6,6,0.5936195762854117,0,0.3333333333333333,1,0.03225806451612903,True,False
False,False,-0.3617864306114047,"{""drawer"": [""surface_continuity_advantage"", ""drawer_attachment""], ""static"": [""explained_static_disocclusion""]}",0.59375,0.911067798055988,0,0,0.0,ambiguity,drawer_preferred,194,frame_194_layer_11,0.17589940581780827,/workspace_whz_worktrees/funrec-assignment-v3_outputs/geometry_interior_v4/surface_identity_visibility_audit_001/ambiguity_regions/015_frame_194_layer_11,11,0.5492813674445833,0,0.9439993797512328,1,0.058823529411764705,True,True
False,False,0.20280585714132748,"{""drawer"": [""drawer_attachment""], ""static"": [""surface_continuity_advantage""]}",0.90625,0.55993555941086,0,0,0.0,ambiguity,unresolved,195,frame_195_layer_0,0.19341339188972073,/workspace_whz_worktrees/funrec-assignment-v3_outputs/geometry_interior_v4/surface_identity_visibility_audit_001/ambiguity_regions/016_frame_195_layer_0,0,0.7627414165521875,0,0.3333333333333333,0,0.0,True,False
False,False,-0.13286408993962007,"{""drawer"": [""surface_continuity_advantage"", ""drawer_attachment""], ""static"": []}",0.9375,0.769180960858808,0,0,0.0,ambiguity,drawer_preferred,195,frame_195_layer_6,0.19341339188972073,/workspace_whz_worktrees/funrec-assignment-v3_outputs/geometry_interior_v4/surface_identity_visibility_audit_001/ambiguity_regions/017_frame_195_layer_6,6,0.636316870919188,0,0.3333333333333333,1,0.03225806451612903,True,False
False,False,-0.24083211717067665,"{""drawer"": [""surface_continuity_advantage"", ""drawer_attachment""], ""static"": [""explained_static_disocclusion""]}",0.59375,0.8875654075879831,0,0,0.0,ambiguity,drawer_preferred,195,frame_195_layer_11,0.19341339188972073,/workspace_whz_worktrees/funrec-assignment-v3_outputs/geometry_interior_v4/surface_identity_visibility_audit_001/ambiguity_regions/018_frame_195_layer_11,11,0.6467332904173064,0,0.9474873218708937,2,0.08695652173913043,True,True
True,False,0.2906613523902597,"{""drawer"": [""drawer_attachment""], ""static"": [""surface_continuity_advantage"", ""opposite_drawer_contradiction_run""]}",0.96875,0.6462528441580946,14,1,0.03225806451612903,ambiguity,static_preferred,195,frame_195_layer_28,0.19341339188972073,/workspace_whz_worktrees/funrec-assignment-v3_outputs/geometry_interior_v4/surface_identity_visibility_audit_001/ambiguity_regions/019_frame_195_layer_28,28,0.9369141965483543,0,0.3333333333333333,0,0.0,True,False
False,False,0.1317705213349315,"{""drawer"": [""drawer_attachment""], ""static"": [""surface_continuity_advantage""]}",0.9375,0.6387216654995035,0,0,0.0,ambiguity,unresolved,196,frame_196_layer_0,0.2117328619537343,/workspace_whz_worktrees/funrec-assignment-v3_outputs/geometry_interior_v4/surface_identity_visibility_audit_001/ambiguity_regions/020_frame_196_layer_0,0,0.770492186834435,0,0.3333333333333333,0,0.0,True,False
False,False,-0.1423934729375277,"{""drawer"": [""surface_continuity_advantage"", ""drawer_attachment""], ""static"": []}",0.90625,0.8027861632315595,0,0,0.0,ambiguity,drawer_preferred,196,frame_196_layer_6,0.2117328619537343,/workspace_whz_worktrees/funrec-assignment-v3_outputs/geometry_interior_v4/surface_identity_visibility_audit_001/ambiguity_regions/021_frame_196_layer_6,6,0.6603926902940318,0,0.36288416836788834,0,0.0,True,False
False,False,-0.29010344944961686,"{""drawer"": [""surface_continuity_advantage"", ""drawer_attachment""], ""static"": [""explained_static_disocclusion""]}",0.59375,0.9396411840135296,0,0,0.0,ambiguity,drawer_preferred,196,frame_196_layer_11,0.2117328619537343,/workspace_whz_worktrees/funrec-assignment-v3_outputs/geometry_interior_v4/surface_identity_visibility_audit_001/ambiguity_regions/022_frame_196_layer_11,11,0.6495377345639127,0,0.9030387776733328,1,0.038461538461538464,True,True
False,False,0.24134191384361126,"{""drawer"": [""drawer_attachment""], ""static"": [""surface_continuity_advantage""]}",0.96875,0.6996128331431817,9,1,0.03225806451612903,ambiguity,unresolved,196,frame_196_layer_28,0.2117328619537343,/workspace_whz_worktrees/funrec-assignment-v3_outputs/geometry_interior_v4/surface_identity_visibility_audit_001/ambiguity_regions/023_frame_196_layer_28,28,0.9409547469867929,0,0.3333333333333333,0,0.0,True,False
False,False,0.051982165301586836,"{""drawer"": [""drawer_attachment""], ""static"": []}",0.9,0.6590075424564268,0,1,0.034482758620689655,ambiguity,unresolved,197,frame_197_layer_0,0.23088570413786158,/workspace_whz_worktrees/funrec-assignment-v3_outputs/geometry_interior_v4/surface_identity_visibility_audit_001/ambiguity_regions/024_frame_197_layer_0,0,0.7109897077580136,0,0.3333333333333333,0,0.0,True,False
False,False,-0.16365527432906424,"{""drawer"": [""surface_continuity_advantage"", ""drawer_attachment""], ""static"": []}",0.9666666666666667,0.7819757032971419,0,0,0.0,ambiguity,drawer_preferred,197,frame_197_layer_6,0.23088570413786158,/workspace_whz_worktrees/funrec-assignment-v3_outputs/geometry_interior_v4/surface_identity_visibility_audit_001/ambiguity_regions/025_frame_197_layer_6,6,0.6183204289680777,0,0.4265076155450884,0,0.0,True,False
False,False,0.04036178550757552,"{""drawer"": [], ""static"": [""explained_static_disocclusion""]}",0.4,0.7159341075578949,0,0,0.0,ambiguity,unresolved,197,frame_197_layer_10,0.23088570413786158,/workspace_whz_worktrees/funrec-assignment-v3_outputs/geometry_interior_v4/surface_identity_visibility_audit_001/ambiguity_regions/026_frame_197_layer_10,10,0.7562958930654704,0,0.8781779951568468,0,0.0,False,True
False,False,-0.25625993186674756,"{""drawer"": [""surface_continuity_advantage"", ""drawer_attachment""], ""static"": [""explained_static_disocclusion""]}",0.5666666666666667,0.9418126527390515,0,0,0.0,ambiguity,drawer_preferred,197,frame_197_layer_11,0.23088570413786158,/workspace_whz_worktrees/funrec-assignment-v3_outputs/geometry_interior_v4/surface_identity_visibility_audit_001/ambiguity_regions/027_frame_197_layer_11,11,0.6855527208723039,0,0.8543267795942744,2,0.08,True,True
False,False,0.21367911602300704,"{""drawer"": [""drawer_attachment""], ""static"": [""surface_continuity_advantage""]}",0.9666666666666667,0.7163940941866975,0,1,0.034482758620689655,ambiguity,unresolved,197,frame_197_layer_28,0.23088570413786158,/workspace_whz_worktrees/funrec-assignment-v3_outputs/geometry_interior_v4/surface_identity_visibility_audit_001/ambiguity_regions/028_frame_197_layer_28,28,0.9300732102097046,0,0.3333333333333333,0,0.0,True,False
False,False,0.06959921552322024,"{""drawer"": [""drawer_attachment""], ""static"": []}",0.8888888888888888,0.5984663696841201,0,0,0.0,ambiguity,unresolved,198,frame_198_layer_0,0.2468650200273087,/workspace_whz_worktrees/funrec-assignment-v3_outputs/geometry_interior_v4/surface_identity_visibility_audit_001/ambiguity_regions/029_frame_198_layer_0,0,0.6680655852073404,0,0.3333333333333333,0,0.0,True,False
False,False,-0.17335931670638538,"{""drawer"": [""surface_continuity_advantage"", ""drawer_attachment""], ""static"": []}",0.7037037037037037,0.7267295435464474,0,0,0.0,ambiguity,drawer_preferred,198,frame_198_layer_6,0.2468650200273087,/workspace_whz_worktrees/funrec-assignment-v3_outputs/geometry_interior_v4/surface_identity_visibility_audit_001/ambiguity_regions/030_frame_198_layer_6,6,0.553370226840062,0,0.48448879418711593,0,0.0,True,False
False,False,0.05530740635139986,"{""drawer"": [], ""static"": [""explained_static_disocclusion""]}",0.2962962962962963,0.7822118262444511,0,0,0.0,ambiguity,unresolved,198,frame_198_layer_10,0.2468650200273087,/workspace_whz_worktrees/funrec-assignment-v3_outputs/geometry_interior_v4/surface_identity_visibility_audit_001/ambiguity_regions/031_frame_198_layer_10,10,0.8375192325958509,0,0.8002528508805281,0,0.0,False,True
False,False,-0.4186832748294066,"{""drawer"": [""surface_continuity_advantage"", ""drawer_attachment""], ""static"": [""explained_static_disocclusion""]}",0.5185185185185185,0.9223841360761966,0,0,0.0,ambiguity,drawer_preferred,198,frame_198_layer_11,0.2468650200273087,/workspace_whz_worktrees/funrec-assignment-v3_outputs/geometry_interior_v4/surface_identity_visibility_audit_001/ambiguity_regions/032_frame_198_layer_11,11,0.50370086124679,0,0.7587764086069194,1,0.043478260869565216,True,True
False,False,0.2549936199987739,"{""drawer"": [""drawer_attachment""], ""static"": [""surface_continuity_advantage""]}",0.9629629629629629,0.622669084905001,0,1,0.038461538461538464,ambiguity,unresolved,198,frame_198_layer_28,0.2468650200273087,/workspace_whz_worktrees/funrec-assignment-v3_outputs/geometry_interior_v4/surface_identity_visibility_audit_001/ambiguity_regions/033_frame_198_layer_28,28,0.8776627049037748,0,0.3333333333333333,0,0.0,True,False
False,False,0.19766556450965445,"{""drawer"": [], ""static"": [""surface_continuity_advantage""]}",0.3,0.40148489264682685,0,0,0.0,ambiguity,unresolved,199,frame_199_layer_0,0.26164481925107075,/workspace_whz_worktrees/funrec-assignment-v3_outputs/geometry_interior_v4/surface_identity_visibility_audit_001/ambiguity_regions/034_frame_199_layer_0,0,0.5991504571564813,0,0.3333333333333333,0,0.0,False,False
False,False,0.6717044131264529,"{""drawer"": [], ""static"": [""surface_continuity_advantage""]}",0.0,0.1087510306838233,0,0,0.0,ambiguity,unresolved,199,frame_199_layer_3,0.26164481925107075,/workspace_whz_worktrees/funrec-assignment-v3_outputs/geometry_interior_v4/surface_identity_visibility_audit_001/ambiguity_regions/035_frame_199_layer_3,3,0.7804554438102762,0,0.45503324696800024,2,0.3333333333333333,False,False
False,False,-0.0029437850433333135,"{""drawer"": [""drawer_attachment""], ""static"": []}",0.6,0.48379554113211504,0,0,0.0,ambiguity,unresolved,199,frame_199_layer_6,0.26164481925107075,/workspace_whz_worktrees/funrec-assignment-v3_outputs/geometry_interior_v4/surface_identity_visibility_audit_001/ambiguity_regions/036_frame_199_layer_6,6,0.4808517560887817,0,0.5067553272381573,0,0.0,True,False
False,False,-0.021249631053767648,"{""drawer"": [], ""static"": []}",0.05,0.7166214847704657,0,0,0.0,ambiguity,unresolved,199,frame_199_layer_10,0.26164481925107075,/workspace_whz_worktrees/funrec-assignment-v3_outputs/geometry_interior_v4/surface_identity_visibility_audit_001/ambiguity_regions/037_frame_199_layer_10,10,0.6953718537166981,0,0.3984077062115592,0,0.0,False,False
False,False,0.0556282872058943,"{""drawer"": [], ""static"": [""explained_static_disocclusion""]}",0.25,0.6951008159484624,0,0,0.0,ambiguity,unresolved,199,frame_199_layer_12,0.26164481925107075,/workspace_whz_worktrees/funrec-assignment-v3_outputs/geometry_interior_v4/surface_identity_visibility_audit_001/ambiguity_regions/038_frame_199_layer_12,12,0.7507291031543567,0,0.904689986583877,1,0.125,False,True
False,False,0.23971877947418552,"{""drawer"": [], ""static"": [""surface_continuity_advantage""]}",0.2,0.5447106573279001,0,0,0.0,ambiguity,unresolved,199,frame_199_layer_24,0.26164481925107075,/workspace_whz_worktrees/funrec-assignment-v3_outputs/geometry_interior_v4/surface_identity_visibility_audit_001/ambiguity_regions/039_frame_199_layer_24,24,0.7844294368020857,0,0.3333333333333333,0,0.0,False,False
False,False,0.28177603579107313,"{""drawer"": [""drawer_attachment""], ""static"": [""surface_continuity_advantage""]}",1.0,0.5783240193323421,0,0,0.0,ambiguity,unresolved,199,frame_199_layer_28,0.26164481925107075,/workspace_whz_worktrees/funrec-assignment-v3_outputs/geometry_interior_v4/surface_identity_visibility_audit_001/ambiguity_regions/040_frame_199_layer_28,28,0.8601000551234153,0,0.3333333333333333,0,0.0,True,False
False,False,0.23418050517011318,"{""drawer"": [], ""static"": [""surface_continuity_advantage""]}",0.3,0.3584911760450729,0,0,0.0,ambiguity,unresolved,200,frame_200_layer_0,0.2734369146971839,/workspace_whz_worktrees/funrec-assignment-v3_outputs/geometry_interior_v4/surface_identity_visibility_audit_001/ambiguity_regions/041_frame_200_layer_0,0,0.5926716812151861,0,0.3333333333333333,0,0.0,False,False
False,False,0.6413052465559492,"{""drawer"": [], ""static"": [""surface_continuity_advantage""]}",0.0,0.11542804383717392,0,0,0.0,ambiguity,unresolved,200,frame_200_layer_3,0.2734369146971839,/workspace_whz_worktrees/funrec-assignment-v3_outputs/geometry_interior_v4/surface_identity_visibility_audit_001/ambiguity_regions/042_frame_200_layer_3,3,0.7567332903931231,0,0.45503324696800024,2,0.3333333333333333,False,False
False,False,-0.0269905513788391,"{""drawer"": [""drawer_attachment""], ""static"": []}",0.75,0.5027160056224174,0,0,0.0,ambiguity,unresolved,200,frame_200_layer_6,0.2734369146971839,/workspace_whz_worktrees/funrec-assignment-v3_outputs/geometry_interior_v4/surface_identity_visibility_audit_001/ambiguity_regions/043_frame_200_layer_6,6,0.47572545424357826,0,0.6165302634952488,0,0.0,True,False
False,False,-0.0375734742853856,"{""drawer"": [], ""static"": []}",0.05,0.6777458051795641,0,0,0.0,ambiguity,unresolved,200,frame_200_layer_10,0.2734369146971839,/workspace_whz_worktrees/funrec-assignment-v3_outputs/geometry_interior_v4/surface_identity_visibility_audit_001/ambiguity_regions/044_frame_200_layer_10,10,0.6401723308941785,0,0.356566193870724,0,0.0,False,False
False,False,0.27700995919253457,"{""drawer"": [], ""static"": [""surface_continuity_advantage""]}",0.15,0.5059879980897743,0,0,0.0,ambiguity,unresolved,200,frame_200_layer_24,0.2734369146971839,/workspace_whz_worktrees/funrec-assignment-v3_outputs/geometry_interior_v4/surface_identity_visibility_audit_001/ambiguity_regions/045_frame_200_layer_24,24,0.7829979572823089,0,0.3333333333333333,0,0.0,False,False
False,False,0.29405383634887605,"{""drawer"": [""drawer_attachment""], ""static"": [""surface_continuity_advantage""]}",1.0,0.5666737339471197,0,0,0.0,ambiguity,unresolved,200,frame_200_layer_28,0.2734369146971839,/workspace_whz_worktrees/funrec-assignment-v3_outputs/geometry_interior_v4/surface_identity_visibility_audit_001/ambiguity_regions/046_frame_200_layer_28,28,0.8607275702959958,0,0.3333333333333333,0,0.0,True,False
False,False,0.24861484438862053,"{""drawer"": [], ""static"": [""surface_continuity_advantage""]}",0.3,0.34165153876888393,0,0,0.0,ambiguity,unresolved,201,frame_201_layer_0,0.2758790548320902,/workspace_whz_worktrees/funrec-assignment-v3_outputs/geometry_interior_v4/surface_identity_visibility_audit_001/ambiguity_regions/047_frame_201_layer_0,0,0.5902663831575045,0,0.3333333333333333,0,0.0,False,False
False,False,0.6991863356739476,"{""drawer"": [], ""static"": [""surface_continuity_advantage""]}",0.0,0.07966772836234881,0,0,0.0,ambiguity,unresolved,201,frame_201_layer_3,0.2758790548320902,/workspace_whz_worktrees/funrec-assignment-v3_outputs/geometry_interior_v4/surface_identity_visibility_audit_001/ambiguity_regions/048_frame_201_layer_3,3,0.7788540640362964,0,0.45503324696800024,2,0.3333333333333333,False,False
False,False,-0.07594161264608423,"{""drawer"": [""drawer_attachment""], ""static"": []}",0.7,0.5576956658827363,0,0,0.0,ambiguity,unresolved,201,frame_201_layer_6,0.2758790548320902,/workspace_whz_worktrees/funrec-assignment-v3_outputs/geometry_interior_v4/surface_identity_visibility_audit_001/ambiguity_regions/049_frame_201_layer_6,6,0.4817540532366521,0,0.6165302634952488,0,0.0,True,False
False,False,-0.023528554710914085,"{""drawer"": [], ""static"": []}",0.05,0.6866018339674818,0,0,0.0,ambiguity,unresolved,201,frame_201_layer_10,0.2758790548320902,/workspace_whz_worktrees/funrec-assignment-v3_outputs/geometry_interior_v4/surface_identity_visibility_audit_001/ambiguity_regions/050_frame_201_layer_10,10,0.6630732792565677,0,0.3909076948802517,0,0.0,False,False
False,False,0.04626074317240103,"{""drawer"": [], ""static"": [""explained_static_disocclusion""]}",0.2,0.6779730298578043,0,0,0.0,ambiguity,unresolved,201,frame_201_layer_12,0.2758790548320902,/workspace_whz_worktrees/funrec-assignment-v3_outputs/geometry_interior_v4/surface_identity_visibility_audit_001/ambiguity_regions/051_frame_201_layer_12,12,0.7242337730302053,0,0.9121624869526489,1,0.125,False,True
False,False,0.3179045954666606,"{""drawer"": [], ""static"": [""surface_continuity_advantage""]}",0.15,0.4817395087696307,0,0,0.0,ambiguity,unresolved,201,frame_201_layer_24,0.2758790548320902,/workspace_whz_worktrees/funrec-assignment-v3_outputs/geometry_interior_v4/surface_identity_visibility_audit_001/ambiguity_regions/052_frame_201_layer_24,24,0.7996441042362913,0,0.3333333333333333,0,0.0,False,False
False,False,0.3073283680023249,"{""drawer"": [""drawer_attachment""], ""static"": [""surface_continuity_advantage""]}",1.0,0.560412459762623,0,0,0.0,ambiguity,unresolved,201,frame_201_layer_28,0.2758790548320902,/workspace_whz_worktrees/funrec-assignment-v3_outputs/geometry_interior_v4/surface_identity_visibility_audit_001/ambiguity_regions/053_frame_201_layer_28,28,0.8677408277649479,0,0.3333333333333333,0,0.0,True,False
False,False,0.2098959631826287,"{""drawer"": [], ""static"": [""surface_continuity_advantage""]}",0.3333333333333333,0.3778899216360819,0,0,0.0,ambiguity,unresolved,202,frame_202_layer_0,0.27760910093009805,/workspace_whz_worktrees/funrec-assignment-v3_outputs/geometry_interior_v4/surface_identity_visibility_audit_001/ambiguity_regions/054_frame_202_layer_0,0,0.5877858848187106,0,0.3333333333333333,0,0.0,False,False
False,False,0.7284667768902799,"{""drawer"": [], ""static"": [""surface_continuity_advantage""]}",0.0,0.08164332380043776,0,0,0.0,ambiguity,unresolved,202,frame_202_layer_3,0.27760910093009805,/workspace_whz_worktrees/funrec-assignment-v3_outputs/geometry_interior_v4/surface_identity_visibility_audit_001/ambiguity_regions/055_frame_202_layer_3,3,0.8101101006907178,0,0.4821035412742638,2,0.2857142857142857,False,False
False,False,-0.03113683518695265,"{""drawer"": [""drawer_attachment""], ""static"": []}",0.5714285714285714,0.5216715244960961,0,0,0.0,ambiguity,unresolved,202,frame_202_layer_6,0.27760910093009805,/workspace_whz_worktrees/funrec-assignment-v3_outputs/geometry_interior_v4/surface_identity_visibility_audit_001/ambiguity_regions/056_frame_202_layer_6,6,0.49053468930914346,0,0.6140251194402282,0,0.0,True,False
False,False,0.0012261600429080977,"{""drawer"": [], ""static"": []}",0.09523809523809523,0.712743567251937,0,0,0.0,ambiguity,unresolved,202,frame_202_layer_10,0.27760910093009805,/workspace_whz_worktrees/funrec-assignment-v3_outputs/geometry_interior_v4/surface_identity_visibility_audit_001/ambiguity_regions/057_frame_202_layer_10,10,0.7139697272948451,0,0.49296997767204537,0,0.0,False,False
False,False,0.30044161060046704,"{""drawer"": [], ""static"": [""surface_continuity_advantage""]}",0.19047619047619047,0.49945920900201,0,0,0.0,ambiguity,unresolved,202,frame_202_layer_24,0.27760910093009805,/workspace_whz_worktrees/funrec-assignment-v3_outputs/geometry_interior_v4/surface_identity_visibility_audit_001/ambiguity_regions/058_frame_202_layer_24,24,0.799900819602477,0,0.3333333333333333,0,0.0,False,False
False,False,0.30616081455046573,"{""drawer"": [""drawer_attachment""], ""static"": [""surface_continuity_advantage""]}",1.0,0.5638368795145832,0,0,0.0,ambiguity,unresolved,202,frame_202_layer_28,0.27760910093009805,/workspace_whz_worktrees/funrec-assignment-v3_outputs/geometry_interior_v4/surface_identity_visibility_audit_001/ambiguity_regions/059_frame_202_layer_28,28,0.8699976940650489,0,0.3333333333333333,0,0.0,True,False
False,False,0.23328800401480831,"{""drawer"": [], ""static"": [""surface_continuity_advantage""]}",0.3333333333333333,0.33918302671798084,0,0,0.0,ambiguity,unresolved,203,frame_203_layer_0,0.2815773461555924,/workspace_whz_worktrees/funrec-assignment-v3_outputs/geometry_interior_v4/surface_identity_visibility_audit_001/ambiguity_regions/060_frame_203_layer_0,0,0.5724710307327892,0,0.3333333333333333,0,0.0,False,False
False,False,0.725224963697532,"{""drawer"": [], ""static"": [""surface_continuity_advantage""]}",0.0,0.05157949292125452,0,0,0.0,ambiguity,unresolved,203,frame_203_layer_3,0.2815773461555924,/workspace_whz_worktrees/funrec-assignment-v3_outputs/geometry_interior_v4/surface_identity_visibility_audit_001/ambiguity_regions/061_frame_203_layer_3,3,0.7768044566187865,0,0.4821035412742638,2,0.2857142857142857,False,False
False,False,0.025660440873339962,"{""drawer"": [""drawer_attachment""], ""static"": []}",0.47619047619047616,0.49421591393284536,0,0,0.0,ambiguity,unresolved,203,frame_203_layer_6,0.2815773461555924,/workspace_whz_worktrees/funrec-assignment-v3_outputs/geometry_interior_v4/surface_identity_visibility_audit_001/ambiguity_regions/062_frame_203_layer_6,6,0.5198763548061853,0,0.6140251194402282,0,0.0,True,False
False,False,0.014959631292742248,"{""drawer"": [], ""static"": []}",0.09523809523809523,0.7042863766048995,0,0,0.0,ambiguity,unresolved,203,frame_203_layer_10,0.2815773461555924,/workspace_whz_worktrees/funrec-assignment-v3_outputs/geometry_interior_v4/surface_identity_visibility_audit_001/ambiguity_regions/063_frame_203_layer_10,10,0.7192460078976417,0,0.48438154730974353,0,0.0,False,False
False,False,0.24743184744998747,"{""drawer"": [], ""static"": [""surface_continuity_advantage""]}",0.14285714285714285,0.5275418935810102,0,0,0.0,ambiguity,unresolved,203,frame_203_layer_24,0.2815773461555924,/workspace_whz_worktrees/funrec-assignment-v3_outputs/geometry_interior_v4/surface_identity_visibility_audit_001/ambiguity_regions/064_frame_203_layer_24,24,0.7749737410309977,0,0.3333333333333333,0,0.0,False,False
False,False,0.3021005816210627,"{""drawer"": [""drawer_attachment""], ""static"": [""surface_continuity_advantage""]}",1.0,0.5595620201206064,0,0,0.0,ambiguity,unresolved,203,frame_203_layer_28,0.2815773461555924,/workspace_whz_worktrees/funrec-assignment-v3_outputs/geometry_interior_v4/surface_identity_visibility_audit_001/ambiguity_regions/065_frame_203_layer_28,28,0.8616626017416691,0,0.3333333333333333,0,0.0,True,False
False,False,0.23341852260273777,"{""drawer"": [], ""static"": [""surface_continuity_advantage""]}",0.3333333333333333,0.35082670276505334,0,0,0.0,ambiguity,unresolved,204,frame_204_layer_0,0.28446401290015544,/workspace_whz_worktrees/funrec-assignment-v3_outputs/geometry_interior_v4/surface_identity_visibility_audit_001/ambiguity_regions/066_frame_204_layer_0,0,0.5842452253677911,0,0.3333333333333333,0,0.0,False,False
False,False,0.6805834112156572,"{""drawer"": [], ""static"": [""surface_continuity_advantage""]}",0.0,0.11821493440130354,0,0,0.0,ambiguity,unresolved,204,frame_204_layer_3,0.28446401290015544,/workspace_whz_worktrees/funrec-assignment-v3_outputs/geometry_interior_v4/surface_identity_visibility_audit_001/ambiguity_regions/067_frame_204_layer_3,3,0.7987983456169607,0,0.4821035412742638,2,0.2857142857142857,False,False
False,False,-0.021162049332371757,"{""drawer"": [""drawer_attachment""], ""static"": []}",0.5238095238095238,0.5437216075928935,0,0,0.0,ambiguity,unresolved,204,frame_204_layer_6,0.28446401290015544,/workspace_whz_worktrees/funrec-assignment-v3_outputs/geometry_interior_v4/surface_identity_visibility_audit_001/ambiguity_regions/068_frame_204_layer_6,6,0.5225595582605217,0,0.6140251194402282,0,0.0,True,False
False,False,0.014894924659813569,"{""drawer"": [], ""static"": []}",0.09523809523809523,0.6985156328774299,0,0,0.0,ambiguity,unresolved,204,frame_204_layer_10,0.28446401290015544,/workspace_whz_worktrees/funrec-assignment-v3_outputs/geometry_interior_v4/surface_identity_visibility_audit_001/ambiguity_regions/069_frame_204_layer_10,10,0.7134105575372435,0,0.47616618780527054,0,0.0,False,False
False,False,0.04324289039669793,"{""drawer"": [], ""static"": [""explained_static_disocclusion""]}",0.23809523809523808,0.6667670499347069,0,0,0.0,ambiguity,unresolved,204,frame_204_layer_12,0.28446401290015544,/workspace_whz_worktrees/funrec-assignment-v3_outputs/geometry_interior_v4/surface_identity_visibility_audit_001/ambiguity_regions/070_frame_204_layer_12,12,0.7100099403314049,0,0.925512440836859,2,0.16666666666666666,False,True
False,False,0.3035483135014,"{""drawer"": [""drawer_attachment""], ""static"": [""surface_continuity_advantage""]}",1.0,0.557263292084065,0,0,0.0,ambiguity,unresolved,204,frame_204_layer_28,0.28446401290015544,/workspace_whz_worktrees/funrec-assignment-v3_outputs/geometry_interior_v4/surface_identity_visibility_audit_001/ambiguity_regions/071_frame_204_layer_28,28,0.860811605585465,0,0.3333333333333333,0,0.0,True,False
False,False,0.23345138691437262,"{""drawer"": [], ""static"": [""surface_continuity_advantage""]}",0.3333333333333333,0.34911642384953967,0,0,0.0,ambiguity,unresolved,205,frame_205_layer_0,0.29123566231989506,/workspace_whz_worktrees/funrec-assignment-v3_outputs/geometry_interior_v4/surface_identity_visibility_audit_001/ambiguity_regions/072_frame_205_layer_0,0,0.5825678107639123,0,0.3333333333333333,0,0.0,False,False
False,False,0.6357710743886202,"{""drawer"": [], ""static"": [""surface_continuity_advantage""]}",0.0,0.15905608481093747,0,0,0.0,ambiguity,unresolved,205,frame_205_layer_3,0.29123566231989506,/workspace_whz_worktrees/funrec-assignment-v3_outputs/geometry_interior_v4/surface_identity_visibility_audit_001/ambiguity_regions/073_frame_205_layer_3,3,0.7948271591995577,0,0.4821035412742638,2,0.2857142857142857,False,False
False,False,-0.0020597580849950337,"{""drawer"": [""drawer_attachment""], ""static"": []}",0.47619047619047616,0.5149429381891264,0,0,0.0,ambiguity,unresolved,205,frame_205_layer_6,0.29123566231989506,/workspace_whz_worktrees/funrec-assignment-v3_outputs/geometry_interior_v4/surface_identity_visibility_audit_001/ambiguity_regions/074_frame_205_layer_6,6,0.5128831801041314,0,0.6220084679281462,0,0.0,True,False
False,False,0.022407002361051753,"{""drawer"": [], ""static"": []}",0.09523809523809523,0.6880220533952816,0,0,0.0,ambiguity,unresolved,205,frame_205_layer_10,0.29123566231989506,/workspace_whz_worktrees/funrec-assignment-v3_outputs/geometry_interior_v4/surface_identity_visibility_audit_001/ambiguity_regions/075_frame_205_layer_10,10,0.7104290557563333,0,0.4414149021500033,0,0.0,False,False
False,False,0.30548693723808995,"{""drawer"": [""drawer_attachment""], ""static"": [""surface_continuity_advantage""]}",1.0,0.5516531272668226,0,0,0.0,ambiguity,unresolved,205,frame_205_layer_28,0.29123566231989506,/workspace_whz_worktrees/funrec-assignment-v3_outputs/geometry_interior_v4/surface_identity_visibility_audit_001/ambiguity_regions/076_frame_205_layer_28,28,0.8571400645049125,0,0.3333333333333333,0,0.0,True,False
False,False,0.23181302102185763,"{""drawer"": [], ""static"": [""surface_continuity_advantage""]}",0.36363636363636365,0.3495621649671403,0,0,0.0,ambiguity,unresolved,206,frame_206_layer_0,0.2996387806033801,/workspace_whz_worktrees/funrec-assignment-v3_outputs/geometry_interior_v4/surface_identity_visibility_audit_001/ambiguity_regions/077_frame_206_layer_0,0,0.581375185988998,0,0.3333333333333333,0,0.0,False,False
False,False,0.8155203953366166,"{""drawer"": [], ""static"": [""surface_continuity_advantage""]}",0.0,0.08557807676617252,0,0,0.0,ambiguity,unresolved,206,frame_206_layer_3,0.2996387806033801,/workspace_whz_worktrees/funrec-assignment-v3_outputs/geometry_interior_v4/surface_identity_visibility_audit_001/ambiguity_regions/078_frame_206_layer_3,3,0.901098472102789,0,0.4935537175977416,2,0.25,False,False
False,False,0.008019475846996915,"{""drawer"": [""drawer_attachment""], ""static"": []}",0.5,0.4978291516011244,0,0,0.0,ambiguity,unresolved,206,frame_206_layer_6,0.2996387806033801,/workspace_whz_worktrees/funrec-assignment-v3_outputs/geometry_interior_v4/surface_identity_visibility_audit_001/ambiguity_regions/079_frame_206_layer_6,6,0.5058486274481213,0,0.6223071489543369,0,0.0,True,False
False,False,0.019757238355993967,"{""drawer"": [], ""static"": []}",0.13636363636363635,0.7246949441018391,0,0,0.0,ambiguity,unresolved,206,frame_206_layer_10,0.2996387806033801,/workspace_whz_worktrees/funrec-assignment-v3_outputs/geometry_interior_v4/surface_identity_visibility_audit_001/ambiguity_regions/080_frame_206_layer_10,10,0.7444521824578331,0,0.49165029918320463,0,0.0,False,False
False,False,0.3225932455338968,"{""drawer"": [""drawer_attachment""], ""static"": [""surface_continuity_advantage""]}",1.0,0.5432806942016833,0,0,0.0,ambiguity,unresolved,206,frame_206_layer_28,0.2996387806033801,/workspace_whz_worktrees/funrec-assignment-v3_outputs/geometry_interior_v4/surface_identity_visibility_audit_001/ambiguity_regions/081_frame_206_layer_28,28,0.8658739397355801,0,0.3333333333333333,0,0.0,True,False
False,False,0.22293864815235803,"{""drawer"": [], ""static"": [""surface_continuity_advantage""]}",0.2727272727272727,0.34085475850304797,0,0,0.0,ambiguity,unresolved,207,frame_207_layer_0,0.3002295680213606,/workspace_whz_worktrees/funrec-assignment-v3_outputs/geometry_interior_v4/surface_identity_visibility_audit_001/ambiguity_regions/082_frame_207_layer_0,0,0.563793406655406,0,0.3333333333333333,0,0.0,False,False
False,False,0.8022508703546768,"{""drawer"": [], ""static"": [""surface_continuity_advantage""]}",0.0,0.08836353710703582,0,0,0.0,ambiguity,unresolved,207,frame_207_layer_3,0.3002295680213606,/workspace_whz_worktrees/funrec-assignment-v3_outputs/geometry_interior_v4/surface_identity_visibility_audit_001/ambiguity_regions/083_frame_207_layer_3,3,0.8906144074617126,0,0.4935537175977416,2,0.25,False,False
False,False,0.0426480384091108,"{""drawer"": [""drawer_attachment""], ""static"": []}",0.5,0.4826673581285823,0,0,0.0,ambiguity,unresolved,207,frame_207_layer_6,0.3002295680213606,/workspace_whz_worktrees/funrec-assignment-v3_outputs/geometry_interior_v4/surface_identity_visibility_audit_001/ambiguity_regions/084_frame_207_layer_6,6,0.5253153965376931,0,0.6211105648678105,0,0.0,True,False
False,False,0.02925553340541731,"{""drawer"": [], ""static"": []}",0.13636363636363635,0.709597513837028,0,0,0.0,ambiguity,unresolved,207,frame_207_layer_10,0.3002295680213606,/workspace_whz_worktrees/funrec-assignment-v3_outputs/geometry_interior_v4/surface_identity_visibility_audit_001/ambiguity_regions/085_frame_207_layer_10,10,0.7388530472424453,0,0.5062508269872074,0,0.0,False,False
False,False,0.3140150927300275,"{""drawer"": [""drawer_attachment""], ""static"": [""surface_continuity_advantage""]}",1.0,0.5493726078335137,0,0,0.0,ambiguity,unresolved,207,frame_207_layer_28,0.3002295680213606,/workspace_whz_worktrees/funrec-assignment-v3_outputs/geometry_interior_v4/surface_identity_visibility_audit_001/ambiguity_regions/086_frame_207_layer_28,28,0.8633877005635412,0,0.3333333333333333,0,0.0,True,False
False,False,0.22961494196007415,"{""drawer"": [], ""static"": [""surface_continuity_advantage""]}",0.2727272727272727,0.35144950226734206,0,0,0.0,ambiguity,unresolved,208,frame_208_layer_0,0.3002295680213606,/workspace_whz_worktrees/funrec-assignment-v3_outputs/geometry_interior_v4/surface_identity_visibility_audit_001/ambiguity_regions/087_frame_208_layer_0,0,0.5810644442274162,0,0.3333333333333333,0,0.0,False,False
False,False,0.6724919425304053,"{""drawer"": [], ""static"": [""surface_continuity_advantage""]}",0.0,0.13563313201239746,0,0,0.0,ambiguity,unresolved,208,frame_208_layer_3,0.3002295680213606,/workspace_whz_worktrees/funrec-assignment-v3_outputs/geometry_interior_v4/surface_identity_visibility_audit_001/ambiguity_regions/088_frame_208_layer_3,3,0.8081250745428028,0,0.4935537175977416,2,0.25,False,False
False,False,0.044967015624277185,"{""drawer"": [""drawer_attachment""], ""static"": []}",0.45454545454545453,0.4698318631392684,0,0,0.0,ambiguity,unresolved,208,frame_208_layer_6,0.3002295680213606,/workspace_whz_worktrees/funrec-assignment-v3_outputs/geometry_interior_v4/surface_identity_visibility_audit_001/ambiguity_regions/089_frame_208_layer_6,6,0.5147988787635456,0,0.6211105648678105,0,0.0,True,False
False,False,0.028077597719060265,"{""drawer"": [], ""static"": []}",0.13636363636363635,0.7255491982603541,0,0,0.0,ambiguity,unresolved,208,frame_208_layer_10,0.3002295680213606,/workspace_whz_worktrees/funrec-assignment-v3_outputs/geometry_interior_v4/surface_identity_visibility_audit_001/ambiguity_regions/090_frame_208_layer_10,10,0.7536267959794144,0,0.5011689237090283,0,0.0,False,False
False,False,0.3251433631993438,"{""drawer"": [""drawer_attachment""], ""static"": [""surface_continuity_advantage""]}",1.0,0.5456842483336364,0,0,0.0,ambiguity,unresolved,208,frame_208_layer_28,0.3002295680213606,/workspace_whz_worktrees/funrec-assignment-v3_outputs/geometry_interior_v4/surface_identity_visibility_audit_001/ambiguity_regions/091_frame_208_layer_28,28,0.8708276115329802,0,0.3333333333333333,0,0.0,True,False
False,False,0.2427654270612199,"{""drawer"": [], ""static"": [""surface_continuity_advantage""]}",0.3181818181818182,0.3382583278144408,0,0,0.0,ambiguity,unresolved,209,frame_209_layer_0,0.3002295680213606,/workspace_whz_worktrees/funrec-assignment-v3_outputs/geometry_interior_v4/surface_identity_visibility_audit_001/ambiguity_regions/092_frame_209_layer_0,0,0.5810237548756607,0,0.3333333333333333,0,0.0,False,False
False,False,0.6741676049936882,"{""drawer"": [], ""static"": [""surface_continuity_advantage""]}",0.0,0.12295980086892777,0,0,0.0,ambiguity,unresolved,209,frame_209_layer_3,0.3002295680213606,/workspace_whz_worktrees/funrec-assignment-v3_outputs/geometry_interior_v4/surface_identity_visibility_audit_001/ambiguity_regions/093_frame_209_layer_3,3,0.797127405862616,0,0.4935537175977416,2,0.25,False,False
False,False,0.009442110372657408,"{""drawer"": [], ""static"": []}",0.4090909090909091,0.5056952775591276,0,0,0.0,ambiguity,unresolved,209,frame_209_layer_6,0.3002295680213606,/workspace_whz_worktrees/funrec-assignment-v3_outputs/geometry_interior_v4/surface_identity_visibility_audit_001/ambiguity_regions/094_frame_209_layer_6,6,0.515137387931785,0,0.6211105648678105,0,0.0,False,False
False,False,0.04973401098572228,"{""drawer"": [], ""static"": []}",0.13636363636363635,0.7023796021798311,0,0,0.0,ambiguity,unresolved,209,frame_209_layer_10,0.3002295680213606,/workspace_whz_worktrees/funrec-assignment-v3_outputs/geometry_interior_v4/surface_identity_visibility_audit_001/ambiguity_regions/095_frame_209_layer_10,10,0.7521136131655534,0,0.5330684120586165,0,0.0,False,False
False,False,0.308648378133761,"{""drawer"": [""drawer_attachment""], ""static"": [""surface_continuity_advantage""]}",1.0,0.5531440966807918,0,0,0.0,ambiguity,unresolved,209,frame_209_layer_28,0.3002295680213606,/workspace_whz_worktrees/funrec-assignment-v3_outputs/geometry_interior_v4/surface_identity_visibility_audit_001/ambiguity_regions/096_frame_209_layer_28,28,0.8617924748145528,0,0.3333333333333333,0,0.0,True,False
False,False,0.2560291336856464,"{""drawer"": [], ""static"": [""surface_continuity_advantage""]}",0.2727272727272727,0.3297851896561955,0,0,0.0,ambiguity,unresolved,210,frame_210_layer_0,0.3002295680213606,/workspace_whz_worktrees/funrec-assignment-v3_outputs/geometry_interior_v4/surface_identity_visibility_audit_001/ambiguity_regions/097_frame_210_layer_0,0,0.5858143233418419,0,0.3333333333333333,0,0.0,False,False
False,False,0.738920123159125,"{""drawer"": [], ""static"": [""surface_continuity_advantage""]}",0.0,0.10935662014103464,0,0,0.0,ambiguity,unresolved,210,frame_210_layer_3,0.3002295680213606,/workspace_whz_worktrees/funrec-assignment-v3_outputs/geometry_interior_v4/surface_identity_visibility_audit_001/ambiguity_regions/098_frame_210_layer_3,3,0.8482767433001597,0,0.4935537175977416,2,0.25,False,False
False,False,0.06451974694893103,"{""drawer"": [], ""static"": []}",0.36363636363636365,0.45034932614715906,0,0,0.0,ambiguity,unresolved,210,frame_210_layer_6,0.3002295680213606,/workspace_whz_worktrees/funrec-assignment-v3_outputs/geometry_interior_v4/surface_identity_visibility_audit_001/ambiguity_regions/099_frame_210_layer_6,6,0.5148690730960901,0,0.6211105648678105,0,0.0,False,False
False,False,0.06163313238063528,"{""drawer"": [], ""static"": []}",0.13636363636363635,0.6893318622889262,0,0,0.0,ambiguity,unresolved,210,frame_210_layer_10,0.3002295680213606,/workspace_whz_worktrees/funrec-assignment-v3_outputs/geometry_interior_v4/surface_identity_visibility_audit_001/ambiguity_regions/100_frame_210_layer_10,10,0.7509649946695615,0,0.5385412483577129,0,0.0,False,False
False,False,0.3191894657483212,"{""drawer"": [""drawer_attachment""], ""static"": [""surface_continuity_advantage""]}",1.0,0.5493613065479673,0,0,0.0,ambiguity,unresolved,210,frame_210_layer_28,0.3002295680213606,/workspace_whz_worktrees/funrec-assignment-v3_outputs/geometry_interior_v4/surface_identity_visibility_audit_001/ambiguity_regions/101_frame_210_layer_28,28,0.8685507722962885,0,0.3333333333333333,0,0.0,True,False
False,False,0.23527526819937705,"{""drawer"": [], ""static"": [""surface_continuity_advantage""]}",0.2727272727272727,0.3406375664298773,0,0,0.0,ambiguity,unresolved,211,frame_211_layer_0,0.3002295680213606,/workspace_whz_worktrees/funrec-assignment-v3_outputs/geometry_interior_v4/surface_identity_visibility_audit_001/ambiguity_regions/102_frame_211_layer_0,0,0.5759128346292544,0,0.3333333333333333,0,0.0,False,False
False,False,0.6558418912862424,"{""drawer"": [], ""static"": [""surface_continuity_advantage""]}",0.0,0.13107233530958484,0,0,0.0,ambiguity,unresolved,211,frame_211_layer_3,0.3002295680213606,/workspace_whz_worktrees/funrec-assignment-v3_outputs/geometry_interior_v4/surface_identity_visibility_audit_001/ambiguity_regions/103_frame_211_layer_3,3,0.7869142265958272,0,0.4935537175977416,2,0.25,False,False
False,False,0.04180056168479018,"{""drawer"": [""drawer_attachment""], ""static"": []}",0.5,0.47784063808046506,0,0,0.0,ambiguity,unresolved,211,frame_211_layer_6,0.3002295680213606,/workspace_whz_worktrees/funrec-assignment-v3_outputs/geometry_interior_v4/surface_identity_visibility_audit_001/ambiguity_regions/104_frame_211_layer_6,6,0.5196411997652552,0,0.6174905813755166,0,0.0,True,False
False,False,0.0609808907970687,"{""drawer"": [], ""static"": []}",0.13636363636363635,0.6832614439512276,0,0,0.0,ambiguity,unresolved,211,frame_211_layer_10,0.3002295680213606,/workspace_whz_worktrees/funrec-assignment-v3_outputs/geometry_interior_v4/surface_identity_visibility_audit_001/ambiguity_regions/105_frame_211_layer_10,10,0.7442423347482963,0,0.5474696321639411,0,0.0,False,False
False,False,0.319270507739812,"{""drawer"": [""drawer_attachment""], ""static"": [""surface_continuity_advantage""]}",1.0,0.551526840583604,0,0,0.0,ambiguity,unresolved,211,frame_211_layer_28,0.3002295680213606,/workspace_whz_worktrees/funrec-assignment-v3_outputs/geometry_interior_v4/surface_identity_visibility_audit_001/ambiguity_regions/106_frame_211_layer_28,28,0.870797348323416,0,0.3333333333333333,0,0.0,True,False
False,False,0.22798234344349932,"{""drawer"": [], ""static"": [""surface_continuity_advantage""]}",0.36363636363636365,0.343228259584375,0,0,0.0,ambiguity,unresolved,212,frame_212_layer_0,0.3002295680213606,/workspace_whz_worktrees/funrec-assignment-v3_outputs/geometry_interior_v4/surface_identity_visibility_audit_001/ambiguity_regions/107_frame_212_layer_0,0,0.5712106030278743,0,0.3333333333333333,0,0.0,False,False
False,False,0.6876986945696943,"{""drawer"": [], ""static"": [""surface_continuity_advantage""]}",0.0,0.11748094057121689,0,0,0.0,ambiguity,unresolved,212,frame_212_layer_3,0.3002295680213606,/workspace_whz_worktrees/funrec-assignment-v3_outputs/geometry_interior_v4/surface_identity_visibility_audit_001/ambiguity_regions/108_frame_212_layer_3,3,0.8051796351409113,0,0.4935537175977416,2,0.25,False,False
False,False,0.02380574262918911,"{""drawer"": [], ""static"": []}",0.4090909090909091,0.5047316789298177,0,0,0.0,ambiguity,unresolved,212,frame_212_layer_6,0.3002295680213606,/workspace_whz_worktrees/funrec-assignment-v3_outputs/geometry_interior_v4/surface_identity_visibility_audit_001/ambiguity_regions/109_frame_212_layer_6,6,0.5285374215590068,0,0.6113525520760996,0,0.0,False,False
False,False,0.08398539849489584,"{""drawer"": [], ""static"": []}",0.13636363636363635,0.6747568907295497,0,0,0.0,ambiguity,unresolved,212,frame_212_layer_10,0.3002295680213606,/workspace_whz_worktrees/funrec-assignment-v3_outputs/geometry_interior_v4/surface_identity_visibility_audit_001/ambiguity_regions/110_frame_212_layer_10,10,0.7587422892244455,0,0.5629588670938807,0,0.0,False,False
False,False,0.3007489113339925,"{""drawer"": [""drawer_attachment""], ""static"": [""surface_continuity_advantage""]}",1.0,0.5531055131659333,0,0,0.0,ambiguity,unresolved,212,frame_212_layer_28,0.3002295680213606,/workspace_whz_worktrees/funrec-assignment-v3_outputs/geometry_interior_v4/surface_identity_visibility_audit_001/ambiguity_regions/111_frame_212_layer_28,28,0.8538544244999258,0,0.3333333333333333,0,0.0,True,False
False,False,0.22519436692523964,"{""drawer"": [], ""static"": [""surface_continuity_advantage""]}",0.3181818181818182,0.3318707893866776,0,0,0.0,ambiguity,unresolved,213,frame_213_layer_0,0.3002295680213606,/workspace_whz_worktrees/funrec-assignment-v3_outputs/geometry_interior_v4/surface_identity_visibility_audit_001/ambiguity_regions/112_frame_213_layer_0,0,0.5570651563119172,0,0.3333333333333333,0,0.0,False,False
False,False,0.10881895148723819,"{""drawer"": [], ""static"": []}",0.3181818181818182,0.4136083140468587,0,0,0.0,ambiguity,unresolved,213,frame_213_layer_6,0.3002295680213606,/workspace_whz_worktrees/funrec-assignment-v3_outputs/geometry_interior_v4/surface_identity_visibility_audit_001/ambiguity_regions/113_frame_213_layer_6,6,0.5224272655340969,0,0.6113525520760996,0,0.0,False,False
False,False,0.12309079890090502,"{""drawer"": [], ""static"": [""surface_continuity_advantage""]}",0.13636363636363635,0.6585685493718236,0,0,0.0,ambiguity,unresolved,213,frame_213_layer_10,0.3002295680213606,/workspace_whz_worktrees/funrec-assignment-v3_outputs/geometry_interior_v4/surface_identity_visibility_audit_001/ambiguity_regions/114_frame_213_layer_10,10,0.7816593482727286,0,0.5839824070668311,0,0.0,False,False
False,False,0.2949775905198404,"{""drawer"": [""drawer_attachment""], ""static"": [""surface_continuity_advantage""]}",1.0,0.5539293910743731,0,0,0.0,ambiguity,unresolved,213,frame_213_layer_28,0.3002295680213606,/workspace_whz_worktrees/funrec-assignment-v3_outputs/geometry_interior_v4/surface_identity_visibility_audit_001/ambiguity_regions/115_frame_213_layer_28,28,0.8489069815942135,0,0.3333333333333333,0,0.0,True,False
