ros-build-essential	1.0.1	all
ros-dev-tools	1.0.1	all
ros-humble-action-msgs	1.2.2-1jammy.20260304.211639	amd64
ros-humble-actionlib-msgs	4.9.1-1jammy.20260304.213006	amd64
ros-humble-ament-cmake	1.3.14-1jammy.20260226.035055	amd64
ros-humble-ament-cmake-auto	1.3.14-1jammy.20260304.074922	amd64
ros-humble-ament-cmake-copyright	0.12.15-1jammy.20260304.195729	amd64
ros-humble-ament-cmake-core	1.3.14-1jammy.20260224.185609	amd64
ros-humble-ament-cmake-cppcheck	0.12.15-1jammy.20260304.195901	amd64
ros-humble-ament-cmake-cpplint	0.12.15-1jammy.20260304.195910	amd64
ros-humble-ament-cmake-export-definitions	1.3.14-1jammy.20260226.010509	amd64
ros-humble-ament-cmake-export-dependencies	1.3.14-1jammy.20260226.011144	amd64
ros-humble-ament-cmake-export-include-directories	1.3.14-1jammy.20260226.010305	amd64
ros-humble-ament-cmake-export-interfaces	1.3.14-1jammy.20260226.005715	amd64
ros-humble-ament-cmake-export-libraries	1.3.14-1jammy.20260226.004939	amd64
ros-humble-ament-cmake-export-link-flags	1.3.14-1jammy.20260226.010357	amd64
ros-humble-ament-cmake-export-targets	1.3.14-1jammy.20260226.005705	amd64
ros-humble-ament-cmake-flake8	0.12.15-1jammy.20260304.200009	amd64
ros-humble-ament-cmake-gen-version-h	1.3.14-1jammy.20260226.034234	amd64
ros-humble-ament-cmake-gmock	1.3.14-1jammy.20260226.034220	amd64
ros-humble-ament-cmake-gtest	1.3.14-1jammy.20260226.013944	amd64
ros-humble-ament-cmake-include-directories	1.3.14-1jammy.20260226.010650	amd64
ros-humble-ament-cmake-libraries	1.3.14-1jammy.20260226.010453	amd64
ros-humble-ament-cmake-lint-cmake	0.12.15-1jammy.20260304.195414	amd64
ros-humble-ament-cmake-pep257	0.12.15-1jammy.20260304.200058	amd64
ros-humble-ament-cmake-pytest	1.3.14-1jammy.20260226.014042	amd64
ros-humble-ament-cmake-python	1.3.14-1jammy.20260226.005145	amd64
ros-humble-ament-cmake-ros	0.10.0-3jammy.20260304.201222	amd64
ros-humble-ament-cmake-target-dependencies	1.3.14-1jammy.20260226.013622	amd64
ros-humble-ament-cmake-test	1.3.14-1jammy.20260226.013528	amd64
ros-humble-ament-cmake-uncrustify	0.12.15-1jammy.20260304.195907	amd64
ros-humble-ament-cmake-version	1.3.14-1jammy.20260226.010514	amd64
ros-humble-ament-cmake-xmllint	0.12.15-1jammy.20260304.200103	amd64
ros-humble-ament-copyright	0.12.15-1jammy.20260226.034848	amd64
ros-humble-ament-cppcheck	0.12.15-1jammy.20260226.010724	amd64
ros-humble-ament-cpplint	0.12.15-1jammy.20260304.090253	amd64
ros-humble-ament-flake8	0.12.15-1jammy.20260226.013519	amd64
ros-humble-ament-index-cpp	1.4.1-1jammy.20260304.201844	amd64
ros-humble-ament-index-python	1.4.1-1jammy.20260304.090250	amd64
ros-humble-ament-lint	0.12.15-1jammy.20260226.005140	amd64
ros-humble-ament-lint-auto	0.12.15-1jammy.20260226.014133	amd64
ros-humble-ament-lint-cmake	0.12.15-1jammy.20260304.090258	amd64
ros-humble-ament-lint-common	0.12.15-1jammy.20260304.201149	amd64
ros-humble-ament-package	0.14.2-1jammy.20260213.215617	amd64
ros-humble-ament-pep257	0.12.15-1jammy.20260226.014506	amd64
ros-humble-ament-uncrustify	0.12.15-1jammy.20260304.195710	amd64
ros-humble-ament-xmllint	0.12.15-1jammy.20260304.090301	amd64
ros-humble-builtin-interfaces	1.2.2-1jammy.20260304.211338	amd64
ros-humble-class-loader	2.2.0-3jammy.20260304.204543	amd64
ros-humble-common-interfaces	4.9.1-1jammy.20260304.220553	amd64
ros-humble-composition-interfaces	1.2.2-1jammy.20260304.212446	amd64
ros-humble-console-bridge-vendor	1.4.1-1jammy.20260304.202710	amd64
ros-humble-diagnostic-msgs	4.9.1-1jammy.20260304.214714	amd64
ros-humble-domain-coordinator	0.10.0-3jammy.20260304.090332	amd64
ros-humble-eigen3-cmake-module	0.1.1-4jammy.20260304.195907	amd64
ros-humble-fastcdr	1.0.29-1jammy.20260226.010952	amd64
ros-humble-fastrtps	2.6.11-1jammy.20260304.200925	amd64
ros-humble-fastrtps-cmake-module	2.2.4-1jammy.20260304.202011	amd64
ros-humble-foonathan-memory-vendor	1.2.0-3jammy.20260304.200554	amd64
ros-humble-geometry-msgs	4.9.1-1jammy.20260304.213757	amd64
ros-humble-geometry2	0.25.20-2jammy.20260326.002125	amd64
ros-humble-gmock-vendor	1.10.9006-1jammy.20260226.011659	amd64
ros-humble-gtest-vendor	1.10.9006-1jammy.20260226.011046	amd64
ros-humble-kdl-parser	2.6.4-1jammy.20260304.205337	amd64
ros-humble-keyboard-handler	0.0.5-1jammy.20260304.202120	amd64
ros-humble-launch	1.0.14-1jammy.20260304.195519	amd64
ros-humble-launch-ros	0.19.13-1jammy.20260310.165408	amd64
ros-humble-launch-testing	1.0.14-1jammy.20260304.200104	amd64
ros-humble-launch-testing-ament-cmake	1.0.14-1jammy.20260304.202633	amd64
ros-humble-launch-testing-ros	0.19.13-1jammy.20260310.171345	amd64
ros-humble-launch-xml	1.0.14-1jammy.20260304.195726	amd64
ros-humble-launch-yaml	1.0.14-1jammy.20260304.195728	amd64
ros-humble-libstatistics-collector	1.3.4-1jammy.20260304.214542	amd64
ros-humble-libyaml-vendor	1.2.2-2jammy.20260304.204644	amd64
ros-humble-lifecycle-msgs	1.2.2-1jammy.20260304.211354	amd64
ros-humble-message-filters	4.3.15-1jammy.20260325.222606	amd64
ros-humble-nav-msgs	4.9.1-1jammy.20260304.214816	amd64
ros-humble-orocos-kdl-vendor	0.2.5-1jammy.20260304.201339	amd64
ros-humble-osrf-pycommon	2.1.6-1jammy.20260226.011505	amd64
ros-humble-pluginlib	5.1.3-1jammy.20260304.204826	amd64
ros-humble-pybind11-vendor	2.4.2-1jammy.20260304.195023	amd64
ros-humble-python-cmake-module	0.10.0-2jammy.20260304.202554	amd64
ros-humble-python-orocos-kdl-vendor	0.2.5-1jammy.20260304.202632	amd64
ros-humble-rcl	5.3.12-1jammy.20260304.213336	amd64
ros-humble-rcl-action	5.3.12-1jammy.20260304.214545	amd64
ros-humble-rcl-interfaces	1.2.2-1jammy.20260304.212123	amd64
ros-humble-rcl-lifecycle	5.3.12-1jammy.20260304.214549	amd64
ros-humble-rcl-logging-interface	2.3.2-1jammy.20260304.204603	amd64
ros-humble-rcl-logging-spdlog	2.3.2-1jammy.20260304.204758	amd64
ros-humble-rcl-yaml-param-parser	5.3.12-1jammy.20260304.205000	amd64
ros-humble-rclcpp	16.0.19-1jammy.20260325.211007	amd64
ros-humble-rclcpp-action	16.0.19-1jammy.20260325.214934	amd64
ros-humble-rclcpp-components	16.0.19-1jammy.20260325.221939	amd64
ros-humble-rclcpp-lifecycle	16.0.19-1jammy.20260325.222022	amd64
ros-humble-rclpy	3.3.21-1jammy.20260310.163951	amd64
ros-humble-rcpputils	2.4.6-1jammy.20260304.204148	amd64
ros-humble-rcutils	5.1.8-1jammy.20260304.203555	amd64
ros-humble-rmw	6.1.2-1jammy.20260304.204455	amd64
ros-humble-rmw-dds-common	1.6.0-2jammy.20260304.211309	amd64
ros-humble-rmw-fastrtps-cpp	6.2.10-1jammy.20260304.212617	amd64
ros-humble-rmw-fastrtps-shared-cpp	6.2.10-1jammy.20260304.211712	amd64
ros-humble-rmw-implementation	2.8.5-1jammy.20260304.213028	amd64
ros-humble-rmw-implementation-cmake	6.1.2-1jammy.20260304.202612	amd64
ros-humble-robot-state-publisher	3.0.3-2jammy.20260325.225743	amd64
ros-humble-ros-base	0.10.0-1jammy.20260326.013101	amd64
ros-humble-ros-core	0.10.0-1jammy.20260326.002036	amd64
ros-humble-ros-environment	3.2.2-1jammy.20260226.005101	amd64
ros-humble-ros-workspace	1.0.2-2jammy.20260224.185744	amd64
ros-humble-ros2action	0.18.18-1jammy.20260310.171635	amd64
ros-humble-ros2bag	0.15.16-1jammy.20260326.012325	amd64
ros-humble-ros2cli	0.18.18-1jammy.20260310.165616	amd64
ros-humble-ros2cli-common-extensions	0.1.2-1jammy.20260326.001902	amd64
ros-humble-ros2component	0.18.18-1jammy.20260325.231957	amd64
ros-humble-ros2doctor	0.18.18-1jammy.20260310.171653	amd64
ros-humble-ros2interface	0.18.18-1jammy.20260310.171904	amd64
ros-humble-ros2launch	0.19.13-1jammy.20260310.172117	amd64
ros-humble-ros2lifecycle	0.18.18-1jammy.20260326.001536	amd64
ros-humble-ros2multicast	0.18.18-1jammy.20260310.172044	amd64
ros-humble-ros2node	0.18.18-1jammy.20260310.171656	amd64
ros-humble-ros2param	0.18.18-1jammy.20260310.172107	amd64
ros-humble-ros2pkg	0.18.18-1jammy.20260310.171912	amd64
ros-humble-ros2plugin	5.1.3-1jammy.20260310.172111	amd64
ros-humble-ros2run	0.18.18-1jammy.20260310.172139	amd64
ros-humble-ros2service	0.18.18-1jammy.20260310.171717	amd64
ros-humble-ros2topic	0.18.18-1jammy.20260310.171754	amd64
ros-humble-rosbag2	0.15.16-1jammy.20260326.012945	amd64
ros-humble-rosbag2-compression	0.15.16-1jammy.20260326.005038	amd64
ros-humble-rosbag2-compression-zstd	0.15.16-1jammy.20260326.005625	amd64
ros-humble-rosbag2-cpp	0.15.16-1jammy.20260326.002258	amd64
ros-humble-rosbag2-interfaces	0.15.16-1jammy.20260304.212227	amd64
ros-humble-rosbag2-py	0.15.16-1jammy.20260326.011757	amd64
ros-humble-rosbag2-storage	0.15.16-1jammy.20260326.001540	amd64
ros-humble-rosbag2-storage-default-plugins	0.15.16-1jammy.20260326.001949	amd64
ros-humble-rosbag2-transport	0.15.16-1jammy.20260326.005901	amd64
ros-humble-rosgraph-msgs	1.2.2-1jammy.20260304.212234	amd64
ros-humble-rosidl-adapter	3.1.8-1jammy.20260304.201231	amd64
ros-humble-rosidl-cli	3.1.8-1jammy.20260304.195449	amd64
ros-humble-rosidl-cmake	3.1.8-1jammy.20260304.202821	amd64
ros-humble-rosidl-default-generators	1.2.1-1jammy.20260304.210325	amd64
ros-humble-rosidl-default-runtime	1.2.1-1jammy.20260304.210145	amd64
ros-humble-rosidl-generator-c	3.1.8-1jammy.20260304.204455	amd64
ros-humble-rosidl-generator-cpp	3.1.8-1jammy.20260304.204902	amd64
ros-humble-rosidl-generator-py	0.14.6-1jammy.20260304.205753	amd64
ros-humble-rosidl-generator-rs	0.4.11-1jammy.20260304.204858	amd64
ros-humble-rosidl-parser	3.1.8-1jammy.20260304.202637	amd64
ros-humble-rosidl-runtime-c	3.1.8-1jammy.20260304.204205	amd64
ros-humble-rosidl-runtime-cpp	3.1.8-1jammy.20260304.204656	amd64
ros-humble-rosidl-runtime-py	0.9.3-1jammy.20260305.004241	amd64
ros-humble-rosidl-typesupport-c	2.0.2-1jammy.20260304.204636	amd64
ros-humble-rosidl-typesupport-cpp	2.0.2-1jammy.20260304.205041	amd64
ros-humble-rosidl-typesupport-fastrtps-c	2.2.4-1jammy.20260304.205703	amd64
ros-humble-rosidl-typesupport-fastrtps-cpp	2.2.4-1jammy.20260304.205234	amd64
ros-humble-rosidl-typesupport-interface	3.1.8-1jammy.20260304.202725	amd64
ros-humble-rosidl-typesupport-introspection-c	3.1.8-1jammy.20260304.204454	amd64
ros-humble-rosidl-typesupport-introspection-cpp	3.1.8-1jammy.20260304.204904	amd64
ros-humble-rpyutils	0.2.2-1jammy.20260304.195455	amd64
ros-humble-sensor-msgs	4.9.1-1jammy.20260304.214918	amd64
ros-humble-sensor-msgs-py	4.9.1-1jammy.20260305.005829	amd64
ros-humble-shape-msgs	4.9.1-1jammy.20260304.215030	amd64
ros-humble-shared-queues-vendor	0.15.16-1jammy.20260304.075306	amd64
ros-humble-spdlog-vendor	1.3.1-1jammy.20260304.202915	amd64
ros-humble-sqlite3-vendor	0.15.16-1jammy.20260304.195038	amd64
ros-humble-sros2	0.10.9-1jammy.20260310.172439	amd64
ros-humble-sros2-cmake	0.10.9-1jammy.20260310.173144	amd64
ros-humble-statistics-msgs	1.2.2-1jammy.20260304.212246	amd64
ros-humble-std-msgs	4.9.1-1jammy.20260304.212507	amd64
ros-humble-std-srvs	4.9.1-1jammy.20260304.210947	amd64
ros-humble-stereo-msgs	4.9.1-1jammy.20260304.220147	amd64
ros-humble-tf2	0.25.20-2jammy.20260325.210914	amd64
ros-humble-tf2-bullet	0.25.20-2jammy.20260325.233658	amd64
ros-humble-tf2-eigen	0.25.20-2jammy.20260325.224533	amd64
ros-humble-tf2-eigen-kdl	0.25.20-2jammy.20260325.211356	amd64
ros-humble-tf2-geometry-msgs	0.25.20-2jammy.20260325.233700	amd64
ros-humble-tf2-kdl	0.25.20-2jammy.20260325.233705	amd64
ros-humble-tf2-msgs	0.25.20-2jammy.20260325.211010	amd64
ros-humble-tf2-py	0.25.20-2jammy.20260325.211413	amd64
ros-humble-tf2-ros	0.25.20-2jammy.20260325.223305	amd64
ros-humble-tf2-ros-py	0.25.20-2jammy.20260325.211707	amd64
ros-humble-tf2-sensor-msgs	0.25.20-2jammy.20260325.224529	amd64
ros-humble-tf2-tools	0.25.20-2jammy.20260325.211909	amd64
ros-humble-tinyxml-vendor	0.8.3-2jammy.20260304.195406	amd64
ros-humble-tinyxml2-vendor	0.7.7-1jammy.20260304.195411	amd64
ros-humble-tracetools	4.1.2-1jammy.20260304.201640	amd64
ros-humble-trajectory-msgs	4.9.1-1jammy.20260304.215209	amd64
ros-humble-uncrustify-vendor	2.0.2-2jammy.20260304.195304	amd64
ros-humble-unique-identifier-msgs	2.2.1-3jammy.20260304.210949	amd64
ros-humble-urdf	2.6.1-1jammy.20260304.205131	amd64
ros-humble-urdf-parser-plugin	2.6.1-1jammy.20260304.201738	amd64
ros-humble-urdfdom	3.0.2-2jammy.20260304.202852	amd64
ros-humble-urdfdom-headers	1.0.6-2jammy.20260226.012553	amd64
ros-humble-visualization-msgs	4.9.1-1jammy.20260304.220204	amd64
ros-humble-yaml-cpp-vendor	8.0.2-1jammy.20260304.195332	amd64
ros-humble-zstd-vendor	0.15.16-1jammy.20260304.195400	amd64
