association_cost,association_model,depth_m,drawer_depth_residual_m,drawer_projective_error_px,drawer_track_axis_residual_m,drawer_track_perpendicular_residual_m,drawer_track_total_residual_m,forward_backward_error_px,original_frame_id,q_t,seed_frame_id,static_depth_residual_m,static_projective_error_px,static_track_axis_residual_m,static_track_perpendicular_residual_m,static_track_total_residual_m,track_id,tracking_confidence,u,v
0.0,seed,2.886000156402588,0.0,0.0,0.08328109228764971,0.015851793497205325,0.08477629202614413,0.0,177,0.0,177,0.0,0.0,0.06741186364118126,0.014292411426691996,0.06891032131667252,20,1.0,192.0,56.0
1.6008904370505044,ambiguous,2.8960001468658447,0.033042280082912434,4.810000420627551,0.0022591305773697326,0.007693476135257291,0.008018306929107938,0.6538960337638855,183,0.00917081126755237,177,0.02844922390320548,4.302674872280034,-0.004439286801546227,0.005802309486497133,0.007305755449197375,20,0.1994225555136054,184.79812622070312,48.25927734375
1.5836232882840922,static,2.879000186920166,0.0252301189188211,5.714485111224933,-0.002206634379181115,0.007784026743589923,0.008090754453591281,1.2149505615234375,184,0.019908451540738836,177,0.015343400614184155,4.609395545700126,0.0018325885150891484,0.0096949103541705,0.009866593507439082,20,0.20502886510937532,184.14744567871094,47.19208908081055
2.9167351639146037,static,2.932000160217285,0.10780645807332778,10.831420487155071,-0.12803921979200314,0.045876776087435706,0.13601000106286892,1.3285598754882812,188,0.07293716335462896,177,0.07223405842470498,6.871404562926729,-0.0709712850838425,0.04382544865340151,0.08341218889421363,20,0.03604845623288947,183.3202362060547,38.81029510498047
0.0,seed,2.7110002040863037,0.0,0.0,0.08988695354249349,0.010240006153440052,0.09046834884738902,0.0,177,0.0,177,0.0,0.0,0.05668727704419009,0.007287901901387797,0.05715383532895244,35,1.0,136.0,80.0
1.0613203560397997,static,2.7080001831054688,0.030765140086230325,3.7775928639010803,0.023885492267205773,0.004949597622061434,0.02439293458087942,0.8649143576622009,184,0.019908451540738836,177,0.02087842178159338,2.7722955817865342,0.010594267309641109,0.006402972065056247,0.012378875195025634,35,0.3459970585666866,129.08718872070312,72.30563354492188
1.3458680416397186,static,2.7250001430511475,0.05259326030075595,4.507732903378649,-0.0007684662452671553,0.008643999263022934,0.008678091012962241,0.7303202152252197,185,0.03180521933127545,177,0.03685697159811774,2.942964928524737,-0.002162923412295151,0.011109724260078647,0.011318313073176345,35,0.2603136466742089,128.33413696289062,71.74209594726562
1.645257817065186,static,2.744000196456909,0.07620496748552075,4.864780957980469,-0.020980786268592892,0.02498933204787241,0.03262912975620403,0.6215987205505371,186,0.045213219262714155,177,0.05399440274985068,2.821836231032166,-0.008967243504182156,0.02688647435150923,0.02834244095200095,35,0.19296280727546467,127.81949615478516,71.65880584716797
2.2230735532978345,static,2.746000051498413,0.09010438562847334,7.93483694175863,-0.07664124708783025,0.024277072444039014,0.08039438414237009,0.8761768341064453,187,0.05919969964910532,177,0.06133337064272659,4.828921045830131,-0.05064122393702838,0.021923526900569958,0.0551831006160425,35,0.06025758508990771,127.3021011352539,64.72594451904297
0.0,seed,2.51200008392334,0.0,0.0,0.09348221031942232,0.01391372158558728,0.09451198492554236,0.0,177,0.0,177,0.0,0.0,0.0584927282849005,0.011155594077069585,0.059547011187997906,47,1.0,152.0,88.0
1.2501867561589937,static,2.5280001163482666,0.0417926426859041,4.075594873470755,0.02002050285145587,0.008275669435946927,0.0216635001566741,0.5964522361755371,184,0.019908451540738836,177,0.031905924381266715,2.88799580465816,0.004939472357672772,0.00487029003677602,0.006936722007874698,47,0.28645129532082175,145.24176025390625,79.98108673095703
1.5133546826693351,static,2.5370001792907715,0.05509213554266079,5.278647286577142,-0.0002457310205819082,0.0027640755516508734,0.0027749770070597535,0.9291846752166748,185,0.03180521933127545,177,0.03935584684002258,3.449596568039325,-0.0034299937238283203,0.005653381760934087,0.0066125322139377034,47,0.22017011049860036,143.9396514892578,79.55262756347656
1.4952893076153124,static,2.5440001487731934,0.06549731734700259,5.644645132450513,-0.011161757293387238,0.008850468467215662,0.014244845312100159,1.0653445720672607,186,0.045213219262714155,177,0.043286752611332524,3.095675518892915,-0.0009380200651949221,0.010551204821529696,0.01059281854978078,47,0.22400329154332926,143.537353515625,79.21333312988281
2.484318959366076,static,2.565000057220459,0.09704464516054756,8.97721147374916,-0.07622908873423563,0.024768959048639332,0.080152200853159,1.182129144668579,187,0.05919969964910532,177,0.06827363017480037,5.415424081250354,-0.05201887111965217,0.021535241699490573,0.056300351576330857,47,0.08326641220267025,142.69651794433594,72.70658874511719
0.0,seed,2.386000156402588,0.0,0.0,-0.03458554720131059,0.040168781671390666,0.05300651937429898,0.0,177,0.0,177,0.0,0.0,-0.11492821892550743,0.036443936244509825,0.12056805544746611,50,1.0,184.0,88.0
0.7667118172349168,drawer,2.3340001106262207,0.015804152385803683,1.971207729445182,-0.007333828958178523,0.03715744000606206,0.03787427088396448,1.0077236890792847,187,0.05919969964910532,177,0.04457516737155087,5.985235165035513,-0.02847680103327012,0.03341126738841618,0.04390035290961448,50,0.46453804573066826,184.15281677246094,79.06177520751953
2.474267779882845,drawer,2.3560001850128174,0.0071349095101629345,7.4034895770124844,0.019559008198348903,0.029514582773442107,0.03540713767015692,1.2122917175292969,189,0.08973465676920167,177,0.036376910709475574,13.140598082687358,0.028950993243353686,0.03323987833449294,0.04408003540684381,50,0.08422460853816433,191.55776977539062,78.84927368164062
2.869660578398258,drawer,2.365000009536743,0.01606328649167077,8.524268438949985,0.026842432538800663,0.04345835768286435,0.0510797908873151,1.3093513250350952,190,0.10665393781713517,177,0.03559072938990537,15.459081517436514,0.053153698631738994,0.047200356772398935,0.07108578871810792,50,0.0565348073274098,193.15159606933594,79.70560455322266
0.0,seed,2.574000120162964,0.0,0.0,0.1050799148848222,0.013119264706789601,0.10589572049260673,0.0,177,0.0,177,0.0,0.0,0.06917825109989528,0.01242880280337307,0.07028588453142848,55,1.0,152.0,96.0
1.3162665450639055,static,2.5930001735687256,0.04258648336433524,4.267888936013658,0.028809068874977892,0.005643003167148068,0.029356531371871285,0.4542873799800873,184,0.019908451540738836,177,0.03269976505969785,3.0948907472224936,0.01281585663078971,0.007490417174050752,0.014844276022166626,55,0.268134503654188,145.0786895751953,88.01746368408203
1.848689259721141,static,2.6130001544952393,0.06661571747233097,5.827906509300581,-0.0028164525735030043,0.009229091625548094,0.009649276518555868,1.1538020372390747,185,0.03180521933127545,177,0.0508794287696932,4.0245917533914985,-0.006912897027154502,0.014169514991699774,0.015765890409616776,55,0.15744336099232714,143.4469451904297,87.48894500732422
2.1636405736038515,static,2.640000104904175,0.09693055218060387,5.675840993197078,-0.020393722072925363,0.03154556930540495,0.037563637241218126,1.19627845287323,186,0.045213219262714155,177,0.07471998744493424,3.2752495079750203,-0.011082166595138134,0.03193992090524382,0.03380788316170693,55,0.1148996789564509,143.3316650390625,87.72998046875
2.3924276301833935,static,2.629000186920166,0.09536387414367953,8.68144297590634,-0.06029954375999981,0.019493624845260002,0.06337220516339849,1.1902830600738525,187,0.05919969964910532,177,0.06659285915793234,5.1544849092878,-0.03700150789582143,0.01309092783562255,0.039248999709062815,55,0.08860330252444705,142.97882080078125,81.0364761352539
0.0,seed,2.7910001277923584,0.0,0.0,-0.016489441858514288,0.022354048962813865,0.027777782449958148,0.0,180,0.0,180,0.0,0.0,-0.03587730711769017,0.027208075254389053,0.04502733086765814,92,1.0,136.0,40.0
0.653581048561454,ambiguous,2.7880001068115234,0.0037036438279081096,1.940967718517157,0.0006551471642694123,0.007369343338102776,0.0073984078720823465,0.9806111454963684,183,0.00917081126755237,180,0.0008894123517992902,2.3616553306884613,-0.009561906827353955,0.008556026791784828,0.012831042694837314,92,0.5201796488247677,136.7082061767578,39.79330825805664
0.7966439247260627,drawer,2.7740001678466797,0.0012054200743012444,2.388221210226694,0.010974167118918568,0.006202006412825454,0.012605444359429837,0.6641526222229004,184,0.019908451540738836,180,0.008681298230335255,3.3315449353523756,0.011494753400481408,0.01193608811902406,0.01657104569189845,92,0.45083947922699025,136.89808654785156,39.4571533203125
0.8451296427715342,drawer,2.7690000534057617,0.0027357970159123113,2.5270726593113078,0.011398722642644328,0.011825318802498276,0.016424647413708818,0.4988032877445221,185,0.03180521933127545,180,0.013000491686726345,3.9979093215667962,0.023816076714743895,0.017253402572987533,0.029408934194018986,92,0.42950162161338107,136.60690307617188,39.274383544921875
0.8891931758276035,drawer,2.75600004196167,0.005063918875764628,2.6404047259948777,0.01931095745276561,0.0180810812819423,0.026454462346960066,0.5723350048065186,186,0.045213219262714155,180,0.027274483611434697,4.711853027107279,0.04513631145630389,0.023755216787759003,0.05100585198302148,92,0.4102295045602099,136.6996307373047,38.99522399902344
2.662401517202182,drawer,2.820000171661377,0.07676151396097275,5.536341766483836,-0.040692499830701695,0.0919397431888827,0.10054250802575675,0.8210096955299377,188,0.07293716335462896,180,0.04118911431234995,8.620162751481434,0.012856798264751557,0.08629194780635344,0.08724446984098731,92,0.04314293584441294,142.60877990722656,32.78432846069336
2.23378656867269,drawer,2.7980000972747803,0.05815818638509285,5.087471330550631,-0.026279425702617838,0.07380221726225573,0.07834140340895489,0.5130136609077454,189,0.08973465676920167,180,0.014646366165454339,8.992934513588354,0.0440673658074079,0.06811532871024079,0.08112725025851707,92,0.0684516067412157,142.87013244628906,32.524112701416016
0.0,seed,2.626000165939331,0.0,0.0,-0.004981272681043768,0.00850835693160823,0.009859270520609463,0.0,180,0.0,180,0.0,0.0,-0.009093622995393007,0.01457561679242332,0.017179714318402185,103,1.0,136.0,48.0
0.46130819341061435,ambiguous,2.636000156402588,0.016151736178712017,0.7643711098297867,-0.01616429953148296,0.010515104605156277,0.019283464527954486,1.2271478176116943,183,0.00917081126755237,180,0.011558679999005061,1.0787631343804163,-0.011105838578279686,0.004214209620281378,0.011878518983883365,103,0.630458344346115,135.4730224609375,47.0147705078125
0.23849047797047773,drawer,2.6050000190734863,0.00430169164851435,0.6386010281462757,0.0059071728106484984,0.007643359979058743,0.00966000219380626,1.1552141904830933,184,0.019908451540738836,180,0.014188409953151293,1.6585879228824683,0.02170327403703798,0.013856027963534162,0.02574920610141228,103,0.7878153445953691,135.43275451660156,46.53463363647461
0.4335819332971722,drawer,2.6070001125335693,0.0036113206592114366,1.272234423505513,0.005912812257117504,0.008433236492940664,0.01029955467647923,0.5709496736526489,185,0.03180521933127545,180,0.012124968043426332,2.837158632061937,0.03360568127404371,0.013036611983152277,0.03604573575184562,103,0.6481256941788042,135.58035278320312,46.61427688598633
1.6525102887906222,static,2.6620001792907715,0.07996656395027202,2.590434130630555,-0.09182865107152148,0.05890160976410218,0.10909583305707794,0.8976446986198425,187,0.05919969964910532,180,0.05119554896452527,3.1359330311762608,-0.03674130173676545,0.05260064175757449,0.06416191055930873,103,0.19071147544969227,135.9493408203125,39.33343505859375
0.0,seed,2.386000156402588,0.0,0.0,0.07249135411681566,0.00641296256369231,0.07277446331325904,0.0,180,0.0,180,0.0,0.0,0.04870679761828516,0.007810341471627494,0.049329033723883274,129,1.0,152.0,72.0
0.4887637275906599,ambiguous,2.374000072479248,0.003782169749390274,1.4385914248321463,0.08967595060461792,0.0054160656396275535,0.08983935598530648,1.3528982400894165,181,0.00019289409045231132,180,0.0038788872941255548,1.4495862596271305,0.06608428819653983,0.007057023278791771,0.06646002350286029,129,0.6133824807391276,152.89739990234375,71.212646484375
2.2858841497483695,static,2.444000005722046,0.07807855697633492,8.231774654397304,-0.07197394316448724,0.004337411522249436,0.07210451881372056,0.3297707140445709,186,0.045213219262714155,180,0.05586799224066441,5.428670553781644,-0.05054528040030358,0.0026183088754261445,0.05061305080819026,129,0.10154043995315885,144.23825073242188,65.0545425415039
2.335160787711731,static,2.452000141143799,0.09807462312074788,8.359606322689974,-0.08701155333971419,0.01717124832956077,0.088689696040664,1.3508360385894775,187,0.05919969964910532,180,0.06930360813500158,4.696803575275189,-0.05159641018913941,0.016172066122158896,0.05407148293754674,129,0.06805579957827682,144.50502014160156,62.75037384033203
0.0,seed,3.3940000534057617,0.0,0.0,-0.030055886304065638,0.015646392322667985,0.03388459671056694,0.0,180,0.0,180,0.0,0.0,-0.06196624496163957,0.015865813577552897,0.06396514328228761,157,1.0,208.0,96.0
0.6562524586607521,drawer,3.3650002479553223,0.024758869808877648,0.6541188065150534,-0.010218932057277925,0.01082554889835877,0.014886876144511289,1.4066485166549683,184,0.019908451540738836,180,0.034645588113515036,1.6542378862254214,-0.022220839174113122,0.009717677318661706,0.024252813157888145,157,0.5187918901190626,207.45394897460938,95.1524658203125
0.8018942480720229,drawer,3.3570001125335693,0.02819106290909179,1.1475710473133547,0.0004328619967464458,0.004868995618104391,0.0048881988336551,0.8635490536689758,185,0.03180521933127545,180,0.04392735161173,2.8046194424812554,0.00032772267044797797,0.0036863486708429228,0.00370088755189224,157,0.4484786292201208,207.83468627929688,95.15718841552734
1.1388435930401435,drawer,3.3570001125335693,0.02874526257266119,2.650434047017404,0.02239460874363615,0.010459806333444089,0.024716918281082325,0.8147614002227783,186,0.045213219262714155,180,0.05095582730833126,5.006032873637035,0.03569746934877641,0.010747804914821966,0.037280351774009624,157,0.3201890766848007,208.8643035888672,96.14210510253906
2.5596816480143727,drawer,3.3560001850128174,0.014150234144190588,7.605356166347336,0.08599646796092926,0.06755577592539969,0.109358014624617,1.0393420457839966,190,0.10665393781713517,180,0.06580425002576584,13.162645482832563,0.1607400471204905,0.06805756713627348,0.17455427577921395,157,0.07732935447867391,215.9820098876953,95.86167907714844
0.0,seed,3.370000123977661,0.0,0.0,-0.021629890861844248,0.008578784346853283,0.02326902919257931,0.0,180,0.0,180,0.0,0.0,-0.05334422597549855,0.009593443696446054,0.05420000559854155,165,1.0,192.0,112.0
0.3219387572546207,drawer,3.3680002689361572,0.002605137483019604,0.9458465261133974,-0.009092206040130224,0.005667780109296518,0.01071410015090011,1.190268635749817,184,0.019908451540738836,180,0.0072815808216173394,1.975522318954271,-0.020898089613045793,0.005905696144062408,0.021716523580464855,165,0.7247425741957312,191.39190673828125,111.63678741455078
0.49571820582089055,drawer,3.3610000610351562,0.0007315438316690681,1.4861421875501168,-0.0004218922682287766,0.004745603958670697,0.004764320520131093,0.7373315691947937,185,0.03180521933127545,180,0.016467832534306837,3.0709589897712144,-0.0003310080506076757,0.0037233038707024883,0.003737988502277023,165,0.6091281114806992,191.58628845214844,111.70599365234375
1.2946442617733447,drawer,3.3440001010894775,0.006969835211006803,3.8485944498931057,0.03070921510177824,0.032318976418242884,0.044582195200440995,1.2080823183059692,187,0.05919969964910532,180,0.03574085019675444,6.56471934974284,0.05819457963722921,0.03142537414431582,0.06613745715752947,165,0.2739953176048871,192.6827850341797,111.26246643066406
2.481045793035419,drawer,3.325000047683716,0.02566405343822975,7.189952960593484,0.09329867252626944,0.034866156023572736,0.0996006582860986,0.8522219061851501,190,0.10665393781713517,180,0.077318069319805,12.70022815435922,0.16823827522975032,0.03463719358745306,0.17176685486989599,165,0.08365508496374108,199.16415405273438,111.52317810058594
0.0,seed,2.7870001792907715,0.0,0.0,-0.0057588528029334065,0.01190257333330983,0.013222542779687735,0.0,183,0.00917081126755237,183,0.0,0.0,-0.01653730488739965,0.020525409198495104,0.026358582581475807,192,1.0,136.0,40.0
0.3772388760723171,ambiguous,2.7740001678466797,0.0015719832121767752,1.1255587116955799,0.009173481417445704,0.005937276850558519,0.01092721454518029,0.8255309462547302,184,0.019908451540738836,183,0.006904393139703924,1.6322509915268548,0.009132669606165668,0.01600347244121403,0.018425981230644924,192,0.6857522445265859,136.99014282226562,39.459266662597656
0.3900514171539131,drawer,2.7690000534057617,6.463775847498354e-05,1.1701442093776273,0.007344962088479435,0.010672321541596386,0.012955574675344295,0.7965043783187866,185,0.03180521933127545,183,0.011263478307070862,2.1484640239056936,0.019200918067736123,0.021093520623819584,0.02852388239618544,192,0.677022063055601,136.57064819335938,39.13936233520508
0.46998666621294627,drawer,2.75600004196167,0.007943848988251734,1.277897904197867,0.015239230247236214,0.015972649888717008,0.022076224382711156,1.0212894678115845,186,0.045213219262714155,183,0.025649339750908773,2.854477225997732,0.040503186157931616,0.02634789329802131,0.0483189359380769,192,0.6240138836588381,136.7537841796875,38.7606086730957
2.3830305164613907,ambiguous,2.820000171661377,0.07389389755585096,4.51611303462464,-0.042725190604376975,0.09152101731260476,0.10100266591587788,1.0577605962753296,188,0.07293716335462896,183,0.042794221392858045,7.024456013839488,0.0102627093982334,0.08132183531095837,0.08196684758202687,192,0.07971064905477657,142.64385986328125,32.81840896606445
1.9097214373408513,drawer,2.7980000972747803,0.055226985579123866,3.9581512822618485,-0.029410159937138733,0.07262172816759421,0.07835095985101923,0.733341634273529,189,0.08973465676920167,183,0.016162039126086825,7.253113940883142,0.04037523348004413,0.06232077843661254,0.07425657481673542,192,0.1247189092810278,142.80960083007812,32.52885437011719
2.800976867939778,static,2.8390002250671387,0.09668853635366714,3.628164642337415,-0.07175360865649308,0.09722861278377916,0.12083866723481859,0.64861661195755,190,0.10665393781713517,183,0.04947607453522718,7.5392245460585805,0.014951065808623362,0.08726188562302178,0.08853344594727534,192,0.05949320102190803,142.88543701171875,32.3681640625
0.0,seed,2.621000051498413,0.0,0.0,0.018194199302090933,0.00541660562641264,0.018983374430176825,0.0,183,0.00917081126755237,183,0.0,0.0,0.00012999189665861136,0.0014621980676917776,0.0014679649458888555,203,1.0,136.0,48.0
0.20737038879842484,ambiguous,2.6070001125335693,0.0035249971449160533,0.5631414351213786,0.016460663218699836,0.0065201609971311456,0.017704969162016856,0.8399398922920227,184,0.019908451540738836,183,0.008857407072443202,0.2882077230009047,0.00913409608645372,0.007963658770990128,0.01211823305343387,203,0.8127185723776454,135.54660034179688,46.772579193115234
0.24150587707187254,ambiguous,2.617000102996826,0.01236503877731332,1.0520075165050284,-0.0002541925359943594,0.002859253880484117,0.002870530717205222,1.1595693826675415,185,0.03180521933127545,183,0.0011661982287178851,0.7192188088169348,0.004316008122296252,0.006581564684995448,0.007870509501582882,203,0.785432109104054,135.02200317382812,46.30134201049805
1.5619395498264705,static,2.6610000133514404,0.07760688443417729,4.184039241505715,-0.09420184363650372,0.05373087544616266,0.10844811810597427,0.4201536774635315,187,0.05919969964910532,183,0.05329287767607527,2.445641143739254,-0.06223716266038328,0.05009195958579275,0.0798916067629116,203,0.2093180199822483,134.96559143066406,38.78025436401367
2.022437539132534,static,2.7190001010894775,0.13191231600377762,6.0839099839076525,-0.1659203477021261,0.07202718277062699,0.1808797303167708,1.375341773033142,191,0.12346363394546822,183,0.07621112622932724,2.03507217090841,-0.06969173242964266,0.0690070489325262,0.09807604382019583,203,0.13194784981524538,136.0855255126953,38.8080940246582
0.0,seed,2.8460001945495605,0.0,0.0,-0.020218708779969372,0.02035419484408857,0.028689535243365868,0.0,183,0.00917081126755237,183,0.0,0.0,-0.038349476215764844,0.02846477246106239,0.047759036812770515,223,1.0,216.0,64.0
0.5340020277341005,ambiguous,2.819000244140625,0.01962833684061316,0.6318787071257931,-0.006335518540666067,0.004576111079990817,0.00781534310158794,0.9938061237335205,184,0.019908451540738836,183,0.024960746768139863,0.964249193787786,-0.013728645703275318,0.006415563579742229,0.015153717989053865,223,0.5862540635986581,216.0437774658203,63.9432487487793
0.8122854051603919,drawer,2.808000087738037,0.02522865504613847,1.5355910557814025,-0.008176115464430658,0.02014883999511241,0.02174453074307063,0.5008047819137573,186,0.045213219262714155,183,0.042934145808795066,2.1697965602793556,0.009735525094935533,0.011989079712541014,0.015444043551731587,223,0.44383873665100426,215.2953338623047,63.89591979980469
2.0452470996279657,drawer,2.7830002307891846,0.028606766945120654,5.748401409492855,0.06538061203224911,0.02566557906393527,0.07023778454933349,0.7417275309562683,188,0.07293716335462896,183,0.05970644310811357,9.591547267796955,0.11101619668353026,0.032400868466625744,0.11564779376826805,223,0.1292726299827982,223.41278076171875,63.155548095703125
0.0,seed,2.9000000953674316,0.0,0.0,-0.011517771839112022,0.016345200160292887,0.019995615429835627,0.0,183,0.00917081126755237,183,0.0,0.0,-0.02600962224095955,0.014911355312915564,0.029980809968802258,235,1.0,216.0,72.0
0.4597755696112009,ambiguous,2.879000186920166,0.01410911000676407,0.8847544168002395,0.006693530902952657,0.019065549775272073,0.020206398595052986,0.5166687369346619,184,0.019908451540738836,183,0.019441519934290774,1.4886145224167002,0.0029393207742913112,0.01884741661819322,0.019075238394157135,235,0.6314253406406818,216.68890380859375,72.11660766601562
0.9578586468928054,ambiguous,2.9170000553131104,0.029170894010507098,1.8630338802949882,-0.011308961460303201,0.02060826134854123,0.02350729769923378,0.8697718977928162,185,0.03180521933127545,183,0.017972053461911663,2.7639408012972857,-0.0031664037984278177,0.020776031102800015,0.021015936367414414,235,0.3837136733303582,216.30923461914062,72.56157684326172
1.8669089481704972,drawer,2.8910000324249268,0.023248241312878726,5.322399563498948,0.04308870236841802,0.051534219521887234,0.06717448960374896,1.3330284357070923,188,0.07293716335462896,183,0.007851434850114192,9.163484217438851,0.09236320405364704,0.05076365720957252,0.10539407173245857,235,0.1545738402229306,223.08963012695312,70.84478759765625
0.0,seed,2.882000207901001,0.0,0.0,-0.014796437191523628,0.02548818389272346,0.029471716470405848,0.0,183,0.00917081126755237,183,0.0,0.0,-0.027937147828725632,0.02548767107768183,0.037816737111604014,252,1.0,184.0,96.0
0.9170567113390258,ambiguous,2.9060001373291016,0.030287354813313794,1.5520922604270362,-0.012332585860214495,0.012634067008581384,0.01765537660818616,0.5750887393951416,184,0.019908451540738836,183,0.024954944885787533,2.1772289093707347,-0.014735656224230256,0.012146361926640124,0.019096430881492717,252,0.3996937255290043,185.22509765625,96.23387908935547
0.8314929340052474,drawer,2.889000177383423,0.017402206796322428,2.1257863217953745,0.0007397954581401483,0.00963505118217267,0.00966341081621659,1.3363579511642456,185,0.03180521933127545,183,0.006203366247726549,3.354034180046537,0.010233492884661058,0.013373924665535582,0.016840018930506864,252,0.4353894884762682,185.14877319335938,96.5838623046875
2.2976985337008573,drawer,2.8500001430511475,0.007878616610589528,6.8677222273943155,0.0723124091187162,0.023576401492180155,0.07605873532917219,1.2234678268432617,189,0.08973465676920167,183,0.04694356306362657,11.551906372225371,0.13973554398316335,0.021367200910599893,0.14135975214687,252,0.10048985179950852,192.56124877929688,94.92123413085938
0.0,seed,3.436000108718872,0.0,0.0,-0.02736425118641945,0.009034525704717813,0.028817093845540098,0.0,183,0.00917081126755237,183,0.0,0.0,-0.04417931986392815,0.00779070334596076,0.04486097816882775,254,1.0,208.0,96.0
0.44816939110783893,ambiguous,3.4280002117156982,0.002169188547868295,1.334628963984035,-0.00645229177402593,0.0008888920685794883,0.006513232549721084,0.7410628199577332,184,0.019908451540738836,183,0.007501598475394999,1.8843792341591201,-0.01252972017834845,0.0016934577994149966,0.012643642159841118,254,0.638796468425324,208.98831176757812,96.29340362548828
0.7043357784731792,drawer,3.4200000762939453,0.005584192192935156,2.071085340049707,0.005988481956509674,0.005302232359829942,0.007998473863248522,1.2689260244369507,185,0.03180521933127545,183,0.01678303274153059,3.2142093368127296,0.011807821342723884,0.006737628804173217,0.013594862513630296,254,0.4944366450639485,209.51446533203125,96.300537109375
2.391411095953491,drawer,3.38700008392334,0.022941651696225307,6.964845780187554,0.08322822565663981,0.03544508832748739,0.09046154891718328,0.30110111832618713,189,0.08973465676920167,183,0.06200659814926279,11.132361481882592,0.14697700248078013,0.035753399658465045,0.15126316420521282,254,0.09150047678460828,216.4944305419922,95.30241394042969
0.0,seed,3.2300002574920654,0.0,0.0,-0.03258494294183281,0.009746239826541993,0.034011287792128274,0.0,183,0.00917081126755237,183,0.0,0.0,-0.04949192039046059,0.007264977236040509,0.050022295810726994,262,1.0,184.0,112.0
0.5954658914053859,ambiguous,3.2240002155303955,0.0006312706493645237,1.785770162460915,-0.007444021272465626,0.010415521635707725,0.01280220854574774,0.6546792387962341,184,0.019908451540738836,183,0.005963680576891228,2.359313885216857,-0.013613358447907153,0.01050959851665161,0.017198115862280112,262,0.5513056574592161,185.33578491210938,112.35624694824219
0.9310874155879604,drawer,3.2110002040863037,0.010070013717450976,2.6892210512859704,0.006527501453634979,0.015238861326052303,0.01657803274643464,1.4758187532424927,185,0.03180521933127545,183,0.02126885426604641,3.7692663740719876,0.012254932068730122,0.01714215541935691,0.021072181957039415,262,0.39412391305627587,185.02511596679688,113.25652313232422
2.267104840620773,drawer,3.182000160217285,0.028086503910150107,6.4668839793316675,0.07103190309879827,0.021213410523869474,0.07413190975478295,0.8443236947059631,189,0.08973465676920167,183,0.06715145036318759,10.762618985906572,0.13468877115181965,0.022101905074502163,0.13649014353538336,262,0.103608630837214,191.20689392089844,111.607177734375
0.0,seed,3.4140002727508545,0.0,0.0,-0.05340786806334879,0.04198215555604826,0.06793306820837923,0.0,183,0.00917081126755237,183,0.0,0.0,-0.09683448133562125,0.04262163010204443,0.10579943349609336,263,1.0,192.0,112.0
0.9445171194322125,ambiguous,3.439000129699707,0.030148110540053175,1.7077478147311012,-0.042704844095052534,0.004056877706472293,0.04289710906236008,0.8312206268310547,184,0.019908451540738836,183,0.02481570061252647,2.2578843882275415,-0.07539381709413875,0.005790340753928357,0.0756158429303744,263,0.3888673020358479,193.1647491455078,112.48158264160156
2.1071229670364082,drawer,3.4020001888275146,0.008205582092091213,6.291340450225359,0.03614798609579607,0.01991464829339116,0.04127069317846906,1.0322648286819458,189,0.08973465676920167,183,0.030859364360945385,10.41739645986417,0.07328521832517274,0.02045525799008641,0.07608640354497792,263,0.1215872598091007,198.62464904785156,112.09612274169922
2.679078585275395,drawer,3.373000144958496,0.021126844347380214,7.879497199332564,0.07120069797625347,0.008098112551174222,0.07165974336541509,1.299404263496399,190,0.10665393781713517,183,0.06833930616582062,12.87879630398222,0.1252572112535637,0.006653483186383122,0.12543379851352413,263,0.06862633382555774,200.8121337890625,112.41571807861328
0.0,seed,3.4160001277923584,0.0,0.0,-0.055910700478703355,0.03848860425729863,0.06787767737403974,0.0,183,0.00917081126755237,183,0.0,0.0,-0.10190155233215534,0.03643211495487495,0.10821841510476955,270,1.0,184.0,120.0
0.8391815910482732,ambiguous,3.43500018119812,0.023814319453456356,1.774252377126182,-0.0414987508478269,0.012318490277770962,0.04328846872613481,0.6623124480247498,184,0.019908451540738836,183,0.018481909525929208,2.3107776172171643,-0.07675196242809264,0.014743071830828364,0.07815511437885755,270,0.43206398380384736,184.9431915283203,120.7049789428711
2.148212825799323,drawer,3.3960001468658447,0.0026564131421862314,6.441558205800035,0.04007072033356194,0.013990208542632564,0.04244276808970974,0.661312997341156,189,0.08973465676920167,183,0.04172135959522283,10.552717376700105,0.07464371398175909,0.01680143951044252,0.0765112567313707,270,0.11660132197230387,190.97911071777344,119.57347106933594
2.769095417276575,drawer,3.385000228881836,0.013873601089115617,8.24186403852018,0.06852696970620514,0.027535118843854515,0.07385207070123591,1.0900208950042725,190,0.10665393781713517,183,0.06108606290755603,13.171123796348738,0.12001924440233583,0.02783454689343345,0.12320463070708976,270,0.04315810617763277,193.26950073242188,119.91796112060547
0.0,seed,3.7840001583099365,0.0,0.0,-0.046767270862004356,0.03054925559280377,0.05586085070203044,0.0,186,0.045213219262714155,186,0.0,0.0,-0.08252222710587774,0.027698101500285757,0.08704655532089822,358,1.0,200.0,120.0
0.7615770201698849,ambiguous,3.7680001258850098,0.005939107198837057,2.24088942739521,-0.02785293266825932,0.051286946605954654,0.058362117425472405,1.2656227350234985,187,0.05919969964910532,186,0.0127365274421809,2.540637014419733,-0.04962140852574162,0.04823576677217831,0.06920240877439544,358,0.46692948885763164,200.4130859375,119.26283264160156
1.7355801673442286,drawer,3.8020002841949463,0.027914216382999513,4.767297672838347,0.018643749281204137,0.04362868590314634,0.047445248665127684,1.331559658050537,190,0.10665393781713517,186,0.0018423956740907244,7.706567471370016,0.04432951159175173,0.04689876088024638,0.06453370723944021,358,0.17629742597290318,206.38845825195312,119.8447494506836
2.1182365038016253,drawer,3.7780001163482666,0.0019938485614443557,6.352949800593107,0.04992969391857499,0.04753697187363533,0.06894010465409363,1.116292953491211,191,0.12346363394546822,186,0.03614188993944545,10.029510679913106,0.0924251523574557,0.050655041798417455,0.10539611970038706,358,0.1141816038220921,208.53372192382812,120.88301086425781
0.0,seed,2.951000213623047,0.0,0.0,0.04867942835044236,0.03292736535807324,0.058769874374120394,0.0,189,0.08973465676920167,189,0.0,0.0,0.00899417122288132,0.018166651865424377,0.020271219893879932,366,1.0,136.0,24.0
0.36544185653708683,ambiguous,2.9720001220703125,0.021532032696186754,0.4272487359929433,0.023535660951092923,0.019085879835716333,0.030301784526793194,0.45967721939086914,190,0.10665393781713517,189,0.013337784740210967,0.44862225991618415,0.0007696848714654624,0.008657706831865342,0.00869185264416572,366,0.6938899833062897,136.2764892578125,23.715967178344727
1.9668305639711856,static,3.0530002117156982,0.09424484830606428,1.9893131457299527,-0.06383749024905667,0.02676975120873785,0.06922315177074884,0.32497933506965637,191,0.12346363394546822,189,0.0778068593355079,0.873254435018023,-0.06979377020035146,0.043272306858734566,0.08211980820518247,366,0.13989955698489973,135.5811004638672,24.182031631469727
1.0908135784509072,ambiguous,2.993000030517578,0.05245143942208319,0.42454107417722264,0.00195094330766411,0.00981112677385878,0.01000321890005652,0.16810035705566406,192,0.14041430579681058,189,0.02819861340292862,2.497215099566284,0.012945335207712023,0.02631006499561874,0.02932236729382045,366,0.3359422254567361,135.5771942138672,23.58469009399414
1.60858113805836,ambiguous,2.989000082015991,0.05922327683105699,1.8864501271658591,0.0163407320087139,0.02740047984017465,0.03190306910083142,1.1077747344970703,193,0.1583840011236365,189,0.026579126021331945,4.927612327486258,0.045304819235587865,0.04366794105544539,0.06292388832542968,366,0.19913915740559973,136.56944274902344,23.155183792114258
0.0,seed,3.2250001430511475,0.0,0.0,0.07166981074871685,0.04708738282147144,0.08575420335897647,0.0,189,0.08973465676920167,189,0.0,0.0,0.03592670486178755,0.0269316825723331,0.04490037470225498,371,1.0,96.0,40.0
1.0029442800809203,ambiguous,3.2720000743865967,0.048120009508110684,0.37085131489281975,0.018353772215168356,0.02299621839642327,0.029422559627984138,0.23746874928474426,190,0.10665393781713517,189,0.03992576155213534,0.2940261225380236,-0.00047005262382777735,4.285111443116835e-05,0.0004720017872586618,371,0.3667978940307808,96.18849182128906,39.6966438293457
1.3703915086104188,static,3.302000045776367,0.07019488696531617,1.744487732041829,-0.022197036710341622,0.013115237196267547,0.02578212336939325,0.3035283386707306,191,0.12346363394546822,189,0.053756897994760244,0.8041194068586185,-0.024211165421004703,0.011080852019511572,0.026626411934798266,371,0.2540074939622561,95.94214630126953,40.13510513305664
1.4805147931316223,static,3.2850000858306885,0.07545651779596696,0.642766035157035,-0.0008292106937707889,0.010521486408037342,0.010554111360468882,0.21723754703998566,192,0.14041430579681058,189,0.05120369177681239,2.231499481072281,0.014107332446909208,0.02474760045477206,0.02848614675656663,371,0.227520532223515,95.51497650146484,39.57545471191406
2.078252247295868,static,3.2950000762939453,0.09597716087685715,1.5623473461960316,-0.004781466807675787,0.02999185936124216,0.03037061166287953,0.23317134380340576,193,0.1583840011236365,189,0.0633330100671321,4.038554439040471,0.0281247716598299,0.04657459290879174,0.05440767855309804,371,0.12514872039658498,95.95674133300781,39.39898681640625
0.0,seed,3.6620001792907715,0.0,0.0,-0.09704989970547594,0.099953066934633,0.13931725888231566,0.0,189,0.08973465676920167,189,0.0,0.0,-0.17699210480273114,0.10380314944751227,0.20518601072617873,445,1.0,200.0,120.0
2.6409759543115334,drawer,3.694000244140625,0.03511750470152819,7.472336701371767,-0.003811533603770105,0.015372975803860113,0.015838439742561047,1.1673157215118408,193,0.1583840011236365,189,0.002473353891804031,10.72666203721717,-0.015104394346590276,0.01140615684350995,0.01892731207847689,445,0.07129149671803639,206.8600311279297,120.67506408691406
2.9495689622997374,drawer,3.6740002632141113,0.02305268268423788,8.678153104994124,0.022193514299988892,0.013453347478197306,0.0259527384942886,0.3947100043296814,194,0.17589940581780827,189,0.017409625425590658,12.826298877902085,0.02841605825134021,0.009488304044624805,0.029958309034169527,445,0.05236195285227747,208.20599365234375,119.6524429321289
2.8455114582985326,drawer,3.63700008392334,0.005185363492739459,8.527671086786832,0.040488398681860084,0.04181043296830752,0.05820156984840345,1.3629522323608398,195,0.19341339188972073,189,0.05423009571930493,13.666881173154513,0.06422492870512422,0.04551758202759246,0.07871906847020546,445,0.05799218122988988,208.8048095703125,120.47447204589844
0.0,seed,3.1600000858306885,0.0,0.0,-0.02577547381257829,0.058194775530556825,0.06364752115608906,0.0,192,0.14041430579681058,192,0.0,0.0,-0.10911832865330393,0.06106878636590848,0.12504481723084496,510,1.0,160.0,112.0
1.497137218073948,drawer,3.184000253677368,0.036609847360363545,3.5543914319600503,0.0017566230101767819,0.0019848671787883357,0.002650551285546783,1.3642059564590454,196,0.2117328619537343,192,0.0021535175779732185,7.257081250819635,-0.010267675673625302,0.0017128056994050215,0.01040955652766587,510,0.2193164095371939,167.46705627441406,110.7850570678711
1.5932726290655148,drawer,3.189000129699707,0.03510451483700194,3.9893382751835276,0.008554678902309331,0.004167071933263927,0.009515619770598885,0.888763964176178,197,0.23088570413786158,192,0.009316698498412546,8.666384103502512,0.015683222402634887,0.0011923328729717942,0.015728481255686388,510,0.20325901469649674,168.83665466308594,112.8775405883789
1.9039184353605607,drawer,3.2110002040863037,0.061925602623979614,3.324681896380871,-0.014744790389734712,0.022858138566681275,0.027201164356895,1.4366278648376465,198,0.2468650200273087,192,0.009556690155680059,8.819569411362918,0.008363069000037965,0.022116691927371476,0.023645062590520974,510,0.14897505952974757,169.6289825439453,111.40697479248047
0.0,seed,3.2400002479553223,0.0,0.0,-0.03358859943447225,0.03371605071846826,0.047591659857791825,0.0,195,0.19341339188972073,195,0.0,0.0,-0.12381638575902443,0.04469564566451009,0.1316366139179939,569,1.0,152.0,96.0
0.990951001654754,static,3.2880001068115234,0.042318179542508716,2.360830914058982,-0.09023442477935374,0.01908205229619048,0.09223001753819304,0.1077151745557785,196,0.2117328619537343,195,0.033467443689480625,1.5929414416856047,-0.16214274103989268,0.031098956443121724,0.16509819370235665,569,0.3712234889485137,151.8601531982422,96.29895782470703
1.5728990855599336,drawer,3.258000135421753,0.014198125194200717,4.596974905375558,0.03907768238775985,0.005592712179811281,0.039475862122629386,0.17485837638378143,201,0.2758790548320902,195,0.05766540837751766,8.501522474734092,0.03131555900557716,0.016554972462815735,0.03542218724297488,569,0.11249651244255035,167.54165649414062,104.40823364257812
1.6364422929113311,drawer,3.302000045776367,0.031390031032023646,4.308014203920803,0.006076947611620561,0.02816821141730422,0.02881627017371139,0.2849423885345459,202,0.27760910093009805,195,0.013097413352364917,8.225989291317813,4.487032744544665e-05,0.01884159033908233,0.018841643767253582,569,0.18049694304167407,167.7261505126953,104.09243774414062
1.8242976042353054,drawer,3.302000045776367,0.03645982208451315,4.7407951301100155,0.0028515306071291383,0.041008973056539874,0.04110799311515228,0.5347991585731506,208,0.3002295680213606,195,0.02019733850888361,9.390900986551397,0.01943992041421674,0.03729243206361952,0.0420551542017237,569,0.09539390881263758,167.77365112304688,104.09730529785156
0.0,seed,3.8930001258850098,0.0,0.0,0.026421582798525425,0.07064814377856943,0.07542718513199835,0.0,198,0.2468650200273087,198,0.0,0.0,-0.025394780920209463,0.07118921033734928,0.0755830574033678,597,1.0,160.0,40.0
1.7144894031961428,drawer,3.9120001792907715,0.01975581280276195,4.925431142384575,0.028868592175350583,0.027951294753672116,0.04018296271547646,1.4580763578414917,200,0.2734369146971839,198,0.03343746320527741,5.12745155040912,0.003624123126491163,0.02695603689516037,0.027198569696386888,597,0.17913879605937727,166.51699829101562,40.53059387207031
1.4870286438699292,drawer,3.9040002822875977,0.013112525969294353,4.3513370981710935,0.00936618110049226,0.014673010678087758,0.017407544076247394,0.721393883228302,206,0.2996387806033801,198,0.04055534198863153,4.576531041481295,0.010323577957829325,0.013685493363844432,0.01714260745812053,597,0.2147736428969891,167.80645751953125,38.75590896606445
1.6418597457101543,drawer,3.9040002822875977,0.020823551130943585,4.671425557222465,-0.000788531105144004,0.00868711440863926,0.008722828558017605,0.8907478451728821,207,0.3002295680213606,198,0.04883091315602872,4.483201377561985,0.0007596531701732478,0.008544866457794491,0.00857856723005046,597,0.18545932606912993,167.95196533203125,38.913238525390625
1.3867894949865083,drawer,3.9130001068115234,0.0044578785653985875,4.146912357201477,-0.029525223077948273,0.022806987884427345,0.03730814246465542,0.9691575169563293,209,0.3002295680213606,198,0.032762195005153316,3.176855256812837,-0.02797703880263102,0.023772707088590087,0.03671316252359395,597,0.22924987418253037,167.84942626953125,38.68485641479492
0.0,seed,3.3340001106262207,0.0,0.0,0.01927223928061018,0.012500891814295614,0.022971536801916784,0.0,198,0.2468650200273087,198,0.0,0.0,-0.007157487023766928,0.011428677624528495,0.013484965433429566,641,1.0,192.0,136.0
0.3356910844932165,ambiguous,3.3350002765655518,0.016875992771074433,1.1223972790338947,-0.0036622138983501418,0.005737205277090876,0.006806418663933944,1.4519222974777222,204,0.28446401290015544,198,0.002876998273800613,0.9836857949160751,0.007507052670119475,0.004883443538581971,0.008955660812383748,641,0.714843386780071,199.19664001464844,137.44325256347656
0.31083831945388557,drawer,3.31600022315979,0.003892615960841006,0.8856362490258912,0.019403106612099513,0.014609655277739752,0.02428832175212789,1.4234299659729004,206,0.2996387806033801,198,0.031335431980178186,3.0092365679452806,0.04574714088379361,0.013476048327175316,0.04769072003606179,641,0.7327011793497101,199.33697509765625,137.32696533203125
1.8410834963777911,static,3.4110002517700195,0.09903120303856205,1.4069317813312177,-0.042438743092217734,0.0693722222912693,0.08132374893520675,1.3220759630203247,209,0.3002295680213606,198,0.07072688659880733,1.5389609224843703,-0.015503921402543076,0.07069920225757385,0.07237920128540773,641,0.1586430204530233,200.5730438232422,136.9698486328125
0.49716506302654023,static,3.3550002574920654,0.04490779121014565,2.60814946316149,-0.03393531481166108,0.020318812011569622,0.039553251610051604,1.3144234418869019,211,0.3002295680213606,198,0.016342136334670077,0.8498911175290891,-0.0070004931219864236,0.020844093210170937,0.02198824971900386,641,0.5814103364997066,200.330078125,137.3740234375
